feature,importance
expenditure_ratio,20.83738955043114
physical_progress,8.251932950081825
ministry_final_Ministry_of_Coal,7.700638885996407
expenditure,7.518295930257713
sector_Coal,7.27985733546322
original_cost,6.817915816922241
agency_final_National_Highways_Authority_of_India_(NHAI),3.7822292771143395
previous_expenditure,2.1391234843143456
sector_Metals___Mining,1.349927018205409
ministry_final_Unknown,1.3393154031976833
previous_progress,1.2657723372683487
state_Himachal_Pradesh,1.1662531370657445
state_Rajasthan,1.1645691187357963
agency_final_East_Coast_Railway_(ECoR)_-_II,1.0211874937014793
sector_Waste___Water,0.9704801942499216
sector_Transmission___Distribution,0.9648291259472667
sector_Railways,0.9246522458191327
state_Unknown,0.8555851755424345
state_Andhra_Pradesh,0.7548301269008505
agency_final_MinistryofPetroleumNaturalGas,0.6968073973557962
state_Bihar,0.6851824033911943
ministry_final_Ministry_of_Road_Transport___Highways,0.6710733304894659
agency_final_National_Thermal_Power_Corporation_(NTPC),0.6649457776137728
state_Punjab,0.6507541544542169
state_Manipur,0.6088615683259051
ministry_final_Department_of_Telecommunications,0.4682828763020881
state_Chhattisgarh,0.4573188721498051
expenditure_velocity,0.4464832140462576
sector_Roads___Highways,0.44604349072769583
days_since_previous,0.4346482663078408
agency_final_NHIDCL,0.4211139145651441
approval_date_12_2023_(12_2023),0.42093096384823203
ministry_final_Ministry_of_Health___Family_Welfare,0.40878867461616786
state_Gujarat,0.40860088569022335
progress_change,0.3881936760611986
agency_final_RVNL_-_II,0.37322506696859403
state_Multi-States_(Bihar__Jharkhand),0.36872709732596903
expenditure_change,0.3555878309029452
ministry_final_Ministry_of_Power,0.34329833090529477
sector_Oil___Gas,0.34276252817235037
sector_Real_Estate,0.3278518971118525
approval_date_12_2023,0.3257586933714091
state_Multi-States_(Delhi__Gujarat__Madhya_Pradesh__Maharashtra__Rajasthan),0.29610141459012346
sector_Unknown,0.2920519866741194
agency_final_North_Western_Railway_(NWR),0.2908449413689851
ministry_final_Ministry_of_Railways,0.2827017363528666
previous_observations,0.28015034646621667
sector_Urban_Public_Transport,0.2719920608291355
agency_final_National_Mission_for_Clean_Ganga,0.2697279721275734
sector_Steel,0.26907381918480183
state_Odisha,0.2690066287754932
sector_Education,0.25577872234364446
agency_final_South_East_Central_Railway_(SECR)_-_II,0.25522260550035764
state_Haryana,0.21288403950816148
agency_final_ministry_of_housing_and_urban_affairs,0.20947926989283594
progress_velocity,0.20904060998906762
approval_date_09_2021_(09_2021),0.20737616106624288
state_Kerala,0.197197998308909
approval_date_01_2022_(01_2022),0.19392409129991908
state_Madhya_Pradesh,0.19100014663379597
ministry_final_Ministry_of_Petroleum___Natural_Gas,0.18976967019121962
agency_final_Sikkim_University,0.18731723711476816
agency_final_Karnataka_Rail_Infrastructure_Development_Company_Limited_(K-RIDE),0.18573949837476222
state_Multi-States_(Himachal_Pradesh__Punjab),0.18337820327359697
state_Jammu_and_Kashmir,0.1792694245652584
agency_final_Hindustan_Petroleum_Corporation_Limited,0.1747265596569131
agency_final_Railway,0.17137435423249203
ministry_final_Department_of_Water_Resources__River_Development___GR,0.1675639968705695
state_Multi-States_(Madhya_Pradesh__Uttar_Pradesh),0.16582803171018926
sector_Telecommunication,0.1555066758348885
days_since_first_report,0.1507379918636963
state_Multi-States_(Haryana__Himachal_Pradesh),0.1436901052184345
agency_final_Mumbai_Rail_Vikas_Corporation_Ltd.(MRVC),0.13859724351276664
state_Arunachal_Pradesh,0.1365344902845058
state_Tamil_Nadu,0.1328107229718544
state_Karnataka,0.13082426523479262
agency_final_Airport_Authority_of_India_(AAI),0.12811081583718725
agency_final_Haldia_Dock_Complex__Syama_Prasad_Mookerjee_Port_Authority,0.1211246569320304
agency_final_National_Institute_of_Technology_Delhi,0.12100180282125421
state_Andaman___Nicobar,0.1153973793046429
ministry_final_Ministry_of_Housing___Urban_Affairs,0.11395675647346375
months_observed,0.11266435152695732
agency_final_Oil_and_Natural_Gas_Corporation_Limited_(ONGC),0.10838379394204736
agency_final_Maharashtra_Metro_Rail_Corporation_Limited_(MMRCL),0.1081075200215534
approval_date_03_2016_(11_2017),0.10652612638019049
agency_final_Bharat_Petroleum_Corporation_Limited_(BPCL),0.1055816610455918
state_Meghalaya,0.10534698696181198
sector_Energy_Storage,0.10428356861845957
approval_date_03_2023,0.10210196182191428
agency_final_CR,0.09981868984842845
agency_final_Northern_Railways,0.09742800372925306
start_date_03_2016,0.09481817575563052
agency_final_Department_of_Water_Resources__River_Development___GR,0.0894347979737281
approval_date_10_2021,0.0874000704748839
state_Multi-States_(Karnataka__Maharashtra),0.08670449961318359
sector_Water_Resources,0.08427606620368497
agency_final_MRIDC,0.08385659145778955
agency_final_Eastern_Railway_(ER)_-_I,0.08374651091954853
start_date_12_2022,0.08240412553104555
start_date_Unknown,0.07904218631064686
sector_Healthcare,0.07767036509462107
state_Multi-States_(Madhya_Pradesh__Rajasthan),0.07758533960783379
approval_date_05_2024,0.0775314498662508
state_Multi-States_(Andhra_Pradesh__Tamil_Nadu),0.07710561036337459
start_date_02_2023,0.07568451232650333
start_date_12_2021,0.07345923137804934
agency_final_Central_Railway,0.07320040338936966
agency_final_Power_Grid_Corporation_of_India_Limited_(POWERGRID),0.07251067526638352
approval_date_05_2024_(05_2024),0.07065630299139324
ministry_final_Ministry_of_Civil_Aviation,0.07016006558018545
state_Uttarakhand,0.06983808116635876
approval_date_09_2021,0.06930860695692873
approval_date_02_2024,0.06828675136728828
sector_Shipping,0.0653863042229268
approval_date_03_2024,0.06515648162226156
approval_date_01_2022,0.06428245921776989
agency_final_CAO_C_NCR,0.06421994605981786
agency_final_South_Western_Railway_(SWR)_-_II,0.06180237184400622
approval_date_04_2017_(09_2021),0.06015068158558417
approval_date_08_2024,0.05857018065516922
approval_date_02_2023,0.0568512299125452
agency_final_BSNL,0.05340246248517871
start_date_11_2022,0.05243539702917707
state_Multi-States_(Gujarat__Madhya_Pradesh),0.052050721395887053
start_date_02_2019,0.05092724899697605
agency_final_Northen_Railway_(NR),0.04947918748841073
approval_date_02_2019,0.0490546839936268
start_date_08_2016,0.04819074023033483
approval_date_05_2023,0.047708133300393356
state_Multi-States_(Delhi__Uttar_Pradesh),0.04703188596012735
start_date_02_2016,0.04618074637263818
approval_date_01_2023_(01_2023),0.04555247054664026
agency_final_Department_of_water_resources-MH_-_II,0.04380588688785994
approval_date_03_2016,0.043593612216335106
approval_date_5-2022,0.04335849965774036
approval_date_03_2016_(09_2023),0.04309506393993272
agency_final_Hindustan_Petroleum_Corporation_Limited_(HPCL),0.04233416390452222
approval_date_02_2020_(07_2020),0.04188168844182415
approval_date_01_2016_(10_2024),0.04122815603551374
approval_date_10_2014,0.03982877843407641
start_date_12_2023,0.038735391606383
state_Multi-States_(Jharkhand__West_Bengal),0.03873198591121947
approval_date_03_2016_(09_2017),0.03867389880070414
state_Multi-States_(Gujarat__Haryana__Punjab__Rajasthan),0.03835863578984919
approval_date_06_2022_(04_2022),0.035031758705064614
approval_date_03_2010_(03_2010),0.03420706515677727
approval_date_07_2020_(11_2023),0.03369787296166024
start_date_10_2014,0.03276256294871844
start_date_03_2018,0.03200491800478011
ministry_final_Ministry_of_Steel,0.030337159619110838
approval_date_10_2013_(08_2022),0.028845366114524183
agency_final_Ministry_of_Petroleum___Natural_Gas,0.028370648528358043
agency_final_Madhya_Pradesh_Metro_Rail_Co_Limited_(MPMRCL),0.028284305586044892
start_date_01_2020,0.027928113101116724
agency_final_Department_of_Water_Resources-MH,0.027660552848386664
approval_date_07_2020_(06_2023),0.027612223898267223
approval_date_04_2017_(02_2019),0.02598258082145898
state_Multi-States_(Gujarat__Haryana__Rajasthan),0.02333030881827206
approval_date_09_2016_(09_2016),0.02268484103805352
state_Multi-States_(Assam__Nagaland),0.022313017893724973
state_Multi-States_(Dadra___Nagar_Haveli_and_Daman___Diu__Gujarat__Maharashtra),0.02228451988937784
agency_final_PMSSY_AND_Institute_of_NATIONAL_Importance,0.021331941684457543
approval_date_01_2019_(04_2023),0.021152529265273962
start_date_04_2019,0.01978655767223584
approval_date_09_2019_(09_2019),0.01962473287712347
approval_date_09_2012_(04_2008),0.019035246275025203
agency_final_Steel_Authority_of_India_Limited_(SAIL),0.01822307352606799
agency_final_Satluj_Jal_Vidyut_Nigam_(SJVN)_Thermal_Limited,0.01790425690159219
state_Multi-States_(Puducherry__Tamil_Nadu),0.017792691557232735
approval_date_04_2019_(10_2019),0.017311280707382613
state_Multi-States_(Chhattisgarh__Maharashtra),0.01710798055823626
state_Multi-States_(Gujarat__Madhya_Pradesh__Uttar_Pradesh),0.01671418745828785
approval_date_03_2023_(08_2024),0.016616554283965492
agency_final_INDIAN_INSTITUTE_OF_TECHNOLOGY_PALAKKAD,0.016515505181393875
approval_date_08_2016_(11_2016),0.016207056894047316
approval_date_03_2021_(03_2022),0.01573933164029074
agency_final_Central_University__Himachal_Pradesh,0.015278692912105013
state_Multi-States_(Jharkhand__Odisha),0.014717530057198365
approval_date_05_2023_(05_2023),0.014397389500009232
agency_final_Patna_Metro_Rail_Corporation_Ltd._(PMRCL),0.013955949798620701
state_Multi-States_(Goa__Karnataka),0.013619206083792404
state_Multi-States_(Chhattisgarh__Madhya_Pradesh__Maharashtra__Odisha),0.013510046752851182
approval_date_12_2022,0.01280302010611792
approval_date_04_2013_(08_2017),0.012753611454790498
agency_final_NHAI,0.012664503991300397
start_date_10_2019,0.012536539472730406
approval_date_03_2020_(11_2021),0.012349172297167567
agency_final_National_Institute_of_Technology__Arunachal_Pradesh,0.012042413531795014
approval_date_03_2022_(06_2024),0.011893624241312316
agency_final_Ministry_of_Mines,0.011582613575631466
state_Multi-States_(Arunachal_Pradesh__Assam__Manipur__Meghalaya__Mizoram__Nagaland__Sikkim__Tripura__West_Bengal),0.011514479000887637
state_Puducherry,0.011392440258411993
state_Multi-States_(Haryana__Rajasthan),0.011246164807423112
approval_date_9-2017,0.010539674793905605
approval_date_07_2015_(11_2005),0.010465515132141457
approval_date_08_2022_(08_2022),0.009638250272823876
start_date_01_2018,0.009594603918077305
agency_final_Western_Railway_(WR)_-_II,0.009274832603675705
approval_date_08_2017_(01_2021),0.00911320264796736
agency_final_Delhi_Metro_Rail_Corporation_Limited_(DMRC),0.00883502010893769
approval_date_12_2019_(10_2020),0.008557755827475188
agency_final_Chennai_Petroleum_Corporation_Limited_(CPCL),0.008462544842191584
agency_final_Employee_s_State_Insurance_Company_(ESIC),0.008385807326556569
approval_date_08_2020_(01_2022),0.008061706024448598
agency_final_Reliance_Industries_Ltd,0.007978670185390975
agency_final_Medical_Education__Ministry_of_Health_and_Family_Welfare,0.007831753707444666
approval_date_06_2021,0.007029777816393008
approval_date_02_2019_(09_2019),0.0065102753632443515
approval_date_02_2016_(05_2016),0.006317519177831967
approval_date_04_2006_(04_2006),0.006015585581062224
approval_date_03_2022_(01_2024),0.005795248151776625
approval_date_10_2013_(11_2012),0.0057946811860773335
approval_date_03_2022_(09_2024),0.005674115847391611
start_date_12_2017,0.005332492812633216
agency_final_Indian_Institutes_of_Science_Education_and_Research__Behrampur,0.005107671311760937
state_Multi-States_(Bihar__Jharkhand__Uttar_Pradesh__West_Bengal),0.004783385559515156
approval_date_09_2019_(11_2020),0.004736163609266302
approval_date_2-2022,0.004332971219096208
has_physical_progress,0.004229824151496551
agency_final_National_High_Speed_Rail_Corporation_(NHSRC),0.003869533562755641
sector_STEEL,0.003816377160095555
approval_date_10_2021_(10_2021),0.003773336149638671
approval_date_2-2018,0.0036301560769529378
state_Multi-States_(Delhi__Rajasthan),0.003571712584834202
state_Multi-States_(Assam__West_Bengal),0.0033769878246252523
approval_date_10_2019_(04_2020),0.003045989003635045
approval_date_08_2019,0.0029212615694258867
approval_date_03_2020_(03_2023),0.0027830873193345107
approval_date_03_2015_(08_2015),0.0027592038541924646
start_date_12_2018,0.0026108386244500996
approval_date_3-2022,0.002411117579797691
sector_Construction,0.0023931680851048197
start_date_04_2022,0.002315972661537665
approval_date_02_2017_(02_2017),0.0023028704120185476
approval_date_4-2020,0.0022472803451090853
agency_final_Inland_Waterways_Authority_of_India_(IWAI),0.002235513230399808
approval_date_07_2009_(12_2009),0.0017599810459919675
ministry_final_Department_of_Sports,0.0015987613341666353
agency_final_Department_of_Sports___Youth_Affairs,0.0015405254863768401
start_date_12_2015,0.0014049843425630927
approval_date_11_2005,0.0011078462556779658
approval_date_02_2018_(04_2019),0.0010021734719524939
state_Multi-States_(Bihar__Madhya_Pradesh__Rajasthan__Uttar_Pradesh),0.0009413216221156853
start_date_02_2008,0.0007987326011567177
approval_date_11_2020,0.0007738164821520441
agency_final_CentralRailway,0.0007551586485068158
approval_date_05_2020_(12_2022),0.0005006735499552298
approval_date_12_2004,0.00046061546577136857
approval_date_02_2017_(06_2017),0.0004575987978478673
approval_date_09_2003_(01_2005),0.0003490088897367366
approval_date_08_1997,0.000291815236908774
approval_date_01_2007,0.0002759211118718736
approval_date_12_2018_(10_2018),0.00026205235422966164
start_date_12_2010,0.00024493801896588777
approval_date_9-2020,0.00016649313440374904
approval_date_09_2014,9.170883570745777e-05
start_date_12_2014,8.41998127822708e-05
start_date_12_2016,6.190944679151503e-05
start_date_12_2009,4.4936391506580415e-05
approval_date_NA_(10_2024),4.20686940346516e-05
start_date_08_2008,3.903434129182439e-05
sector_MINES,0.0
sector_PETROLEUM,0.0
sector_POWER,0.0
sector_RAILWAYS,0.0
sector_SHIPPING_AND_PORTS,0.0
sector_Tourism__Hospitality___Wellness,0.0
sector_URBAN_DEVELOPMENT,0.0
ministry_final_Department_for_Promotion_of_Industry___Internal_Trade,0.0
ministry_final_Department_of_Higher_Education,0.0
ministry_final_Ministry_of_Labour_and_Employment,0.0
ministry_final_Ministry_of_Mines,0.0
ministry_final_Ministry_of_Ports__Shipping_and_Waterways,0.0
agency_final_AAI,0.0
agency_final_Adani_Airport_Holdings_Limited,0.0
agency_final_Adani_Transmission_Limited,0.0
agency_final_BCCL_-_CIL,0.0
agency_final_BUIDCO,0.0
agency_final_Banaras_Hindu_University,0.0
agency_final_Bengaluru_Metro_Rail,0.0
agency_final_Bharat_Coking_Coal_Limited_(BCCL),0.0
agency_final_Bharat_Coking_Coal_Limited_(BCCL)_duplicate_1,0.0
agency_final_CAO_C_II_NR,0.0
agency_final_CAO_C_NR,0.0
agency_final_CAO_C_SECR,0.0
agency_final_CAO_C_SER,0.0
agency_final_CCL,0.0
agency_final_CCL_-_CIL,0.0
agency_final_CERL,0.0
agency_final_CORE,0.0
agency_final_CPM_ICF,0.0
agency_final_CPWD,0.0
agency_final_CPWD_EDUCATION,0.0
agency_final_CPWD_FOR_HEALTH,0.0
agency_final_CPWD_FOR_MHA,0.0
agency_final_CSPCC_Projects,0.0
agency_final_Central_Organisation_for_Railway_Electrification_(CORE),0.0
agency_final_Central_Public_Works_Department_(CPWD),0.0
agency_final_Central_Public_Works_Department_-_CPWD,0.0
agency_final_Central_Public_Works_Department_(CPWD)_duplicate_1,0.0
agency_final_Central_Railway_(CR)_-_II,0.0
agency_final_Central_Railways,0.0
agency_final_Central_Tribal_University_of_Andhra_Pradesh,0.0
agency_final_Central_University_of_Gujarat,0.0
agency_final_Central_University_of_Punjab,0.0
agency_final_Chennai_Metro_Rail_Limited_(CMRL),0.0
agency_final_Construction_NER,0.0
agency_final_DFCCIL,0.0
agency_final_Damodar_Valley_Corporation,0.0
agency_final_Deendayal_Port_Trust,0.0
agency_final_Deendayal_Port_Trust_(DPT),0.0
agency_final_Delhi_University,0.0
agency_final_Department_of_Telecommunications,0.0
agency_final_Department_of_Telecommunications_(DoT),0.0
agency_final_Department_of_Water_Resources-JH,0.0
agency_final_Department_of_Water_Resources-PB,0.0
agency_final_ECL_-_CIL,0.0
agency_final_ECOR,0.0
agency_final_ECR,0.0
agency_final_EDTK(MC)_RB,0.0
agency_final_East_Central_Railway_(ECR)_-_I,0.0
agency_final_East_Central_Railway_(ECR)_-_II,0.0
agency_final_Eastern_Coal_Fields_Limited_(ECL),0.0
agency_final_GAIL,0.0
agency_final_GAIL_Gas,0.0
agency_final_GM_C__NFR,0.0
agency_final_Gas_Authority_of_India_Limited_(GAIL),0.0
agency_final_Gujarat,0.0
agency_final_Gujarat_Metro_Rail_Corporation_Limited_(GMRCL),0.0
agency_final_Gurugram_Metro_Rail_Limited_(GMRL),0.0
agency_final_HITES,0.0
agency_final_HPCL,0.0
agency_final_Hindustan_Copper_Limited_(HCL),0.0
agency_final_IISC_Bangalore,0.0
agency_final_IOCL,0.0
agency_final_Indian_Institute_of_Management__Jammu,0.0
agency_final_Indian_Institute_of_Management__Sirmaur,0.0
agency_final_Indian_Institute_of_Technology__Bhilai,0.0
agency_final_Indian_Institute_of_Technology__Bombay,0.0
agency_final_Indian_Institute_of_Technology__Hyderabad,0.0
agency_final_Indian_Institute_of_Technology__Indore,0.0
agency_final_Indian_Institute_of_Technology__Kharagpur,0.0
agency_final_Indian_Institute_of_Technology__Mandi,0.0
agency_final_Indian_Oil_Corporation_Limited_(IOCL),0.0
agency_final_Indian_Port_Rail___Ropeway_Corporation_Ltd._(IPRCL),0.0
agency_final_Indian_Railway,0.0
agency_final_Indian_Railway_Construction_International_Limited_(IRCON),0.0
agency_final_Indian_intitue_of_Management__Amritsar,0.0
agency_final_Irrigation___Water_Resources-UP,0.0
agency_final_Irrigation_and_CAD-TG,0.0
agency_final_Irrigation-UK,0.0
agency_final_KMDA,0.0
agency_final_M_S_SRC_company_Infra_Private_Limited,0.0
agency_final_MCL_-_CIL,0.0
agency_final_MIS_MoCoal_Integration_Logins,0.0
agency_final_MRTP,0.0
agency_final_Mahanadi_Coalfields_Limited_(MCL),0.0
agency_final_Mangalore_Refinary_and_Petrochemicals_Limited,0.0
agency_final_Metro_Railway__Kolkata,0.0
agency_final_Ministry_of_Coal,0.0
agency_final_Ministry_of_Education,0.0
agency_final_Ministry_of_Health___Family_Welfare,0.0
agency_final_Ministry_of_Housing___Urban_Affairs,0.0
agency_final_Ministry_of_Petroleum_and_Natural_Gas,0.0
agency_final_Ministry_of_Railways,0.0
agency_final_MoRTH,0.0
agency_final_Mumbai_Metro_Rail_Corporation_Limited_(MMRC),0.0
agency_final_Mumbai_Port_Trust_(MPT),0.0
agency_final_NALCO,0.0
agency_final_NCR,0.0
agency_final_NER,0.0
agency_final_NFR,0.0
agency_final_NIT_Mizoram,0.0
agency_final_NIT_Nagaland,0.0
agency_final_NIT_Patna,0.0
agency_final_NIT_Rourkela,0.0
agency_final_NIT_Sikkim,0.0
agency_final_NLC_India_Limited_(NLCIL),0.0
agency_final_NMDC,0.0
agency_final_NR,0.0
agency_final_NRL,0.0
agency_final_NTPC,0.0
agency_final_NWR,0.0
agency_final_Narmada_and_Water_Resources__Water_Supply_and_Kalpsar_Department-GJ,0.0
agency_final_National_Aluminium_Company_Limited_(NALCO),0.0
agency_final_National_Buildings_Construction_Corporation_(NBCC),0.0
agency_final_National_Capital_Region_Transport_Corporation_(NCRTC),0.0
agency_final_National_Communication_Academy_-_Finance_(Erstwhile_NICF),0.0
agency_final_National_Highways___Infrastructure_Development_Corporation_Ltd._(NHIDCL),0.0
agency_final_National_Hydroelectric_Power_Corporation_Limited_(NHPC),0.0
agency_final_National_Hydroelectric_Power_Corporation_Limited_(NHPC)_duplicate_1,0.0
agency_final_National_Industrial_Corridor_Development_Corporation,0.0
agency_final_National_Institute_of_Technology_Uttarakhand,0.0
agency_final_National_Institute_of_Technology__Meghalaya,0.0
agency_final_National_Institute_of_Technology__Puducherry,0.0
agency_final_National_Mineral_Development_Corporation_Limited_(NMDC),0.0
agency_final_New_Mangalore_Port_Authority,0.0
agency_final_North_Central_Railway,0.0
agency_final_North_Central_Railway_(NCR)_-_II,0.0
agency_final_North_Eastern_Electric_Power_Corporation_Limited,0.0
agency_final_North_Eastern_Railway_(NER)_-_II,0.0
agency_final_North_Eastern_Railway_(NER),0.0
agency_final_Northeast_Frontier_Railway_(NFR)_-_II,0.0
agency_final_Northeast_Frontier_Railway_(NFR),0.0
agency_final_Northern_Coalfields_Limited_(NCL),0.0
agency_final_OIL,0.0
agency_final_ONGC,0.0
agency_final_PCE_NCR,0.0
agency_final_PCE_WR,0.0
agency_final_Paradip_Port_Trust_(PPT),0.0
agency_final_RCIL,0.0
agency_final_RITES_OF_HIGHER,0.0
agency_final_RVNL,0.0
agency_final_RVNL_-_I,0.0
agency_final_Rail_Land_Development_Authority,0.0
agency_final_Rail_Vikas_Nigam_Limited,0.0
agency_final_SECL_-_CIL,0.0
agency_final_SECR,0.0
agency_final_SJVN,0.0
agency_final_SR,0.0
agency_final_SR-ERS,0.0
agency_final_SWR,0.0
agency_final_Singareni_Collieries_Company_Limited_(SCCL),0.0
agency_final_Smart_City_Mission,0.0
agency_final_South_Central_Railway_(SCR)_-_I,0.0
agency_final_South_Central_Railway_(SCR)_-_II,0.0
agency_final_South_East_Central_Railway,0.0
agency_final_South_Eastern_Central_Railway,0.0
agency_final_South_Eastern_Coalfields_Limited_(SECL),0.0
agency_final_South_Eastern_Railway_-_JH,0.0
agency_final_South_Eastern_Railway_(SER)_-_I,0.0
agency_final_Southern_Railway_(SR)_-_I,0.0
agency_final_Southern_Railway_(SR)_-_II,0.0
agency_final_Southern_Railways_(SR)_-_construction,0.0
agency_final_Sterlite_Power,0.0
agency_final_THDC_India_Limited,0.0
agency_final_Tezpur_University,0.0
agency_final_UPJalNigam,0.0
agency_final_Unknown,0.0
agency_final_Uttar_Pradesh_metro_rail_corporation_(UPMRC),0.0
agency_final_WCL,0.0
agency_final_WCL_-_CIL,0.0
agency_final_WCR,0.0
agency_final_WPO_Patna,0.0
agency_final_WR,0.0
agency_final_Water_Resources_Department-MN,0.0
agency_final_Water_Resources-AP,0.0
agency_final_Water_Resources-BR,0.0
agency_final_Water_Resources-CT,0.0
agency_final_Water_Resources-KA,0.0
agency_final_Water_Resources-MP,0.0
agency_final_Water_Resources-OR,0.0
agency_final_Water_resource-mp,0.0
agency_final_West_Central_Railway_WCR_I,0.0
agency_final_West_Central_Railway_(WCR)_-_II,0.0
agency_final_Western_Coalfields_Limited_(WCL),0.0
agency_final_Western_Railway,0.0
agency_final_Western_Railway_WR_-_II,0.0
agency_final_Western_Railway_(WR)_-_II_duplicate_1,0.0
approval_date_01_1998,0.0
approval_date_01_1999,0.0
approval_date_01_1999_(10_2002),0.0
approval_date_01_2004,0.0
approval_date_01_2006,0.0
approval_date_01_2006_(01_2006),0.0
approval_date_01_2007_(03_1998),0.0
approval_date_01_2008,0.0
approval_date_01_2009,0.0
approval_date_01_2009_(11_2009),0.0
approval_date_01_2010,0.0
approval_date_01_2011,0.0
approval_date_01_2012,0.0
approval_date_01_2014,0.0
approval_date_01_2014_(01_2014),0.0
approval_date_01_2014_(10_2016),0.0
approval_date_01_2014_(10_2017),0.0
approval_date_01_2014_(11_2016),0.0
approval_date_01_2016,0.0
approval_date_01_2016_(01_2023),0.0
approval_date_01_2016_(09_2024),0.0
approval_date_01_2016_(10_2017),0.0
approval_date_01_2017,0.0
approval_date_01_2017_(01_2017),0.0
approval_date_01_2017_(01_2024),0.0
approval_date_01_2017_(05_2017),0.0
approval_date_01_2017_(06_2017),0.0
approval_date_01_2017_(08_2017),0.0
approval_date_01_2018,0.0
approval_date_01_2018_(01_2018),0.0
approval_date_01_2018_(02_2018),0.0
approval_date_01_2018_(05_2018),0.0
approval_date_01_2018_(06_2018),0.0
approval_date_01_2018_(08_2018),0.0
approval_date_01_2018_(10_2020),0.0
approval_date_01_2018_(11_2019),0.0
approval_date_01_2019,0.0
approval_date_01_2019_(01_2019),0.0
approval_date_01_2019_(01_2021),0.0
approval_date_01_2019_(03_2019),0.0
approval_date_01_2019_(04_2017),0.0
approval_date_01_2019_(07_2020),0.0
approval_date_01_2019_(10_2021),0.0
approval_date_01_2019_(12_2020),0.0
approval_date_01_2020,0.0
approval_date_01_2020_(01_2020),0.0
approval_date_01_2020_(07_2021),0.0
approval_date_01_2020_(10_2021),0.0
approval_date_01_2021,0.0
approval_date_01_2021_(01_2021),0.0
approval_date_01_2021_(01_2022),0.0
approval_date_01_2021_(02_2021),0.0
approval_date_01_2021_(02_2022),0.0
approval_date_01_2021_(04_2022),0.0
approval_date_01_2021_(07_2021),0.0
approval_date_01_2021_(07_2022),0.0
approval_date_01_2021_(09_2022),0.0
approval_date_01_2021_(09_2023),0.0
approval_date_01_2021_(10_2022),0.0
approval_date_01_2021_(12_2021),0.0
approval_date_01_2022_(01_2023),0.0
approval_date_01_2022_(02_2023),0.0
approval_date_01_2022_(02_2024),0.0
approval_date_01_2022_(03_2023),0.0
approval_date_01_2022_(03_2024),0.0
approval_date_01_2022_(05_2023),0.0
approval_date_01_2022_(07_2022),0.0
approval_date_01_2022_(08_2022),0.0
approval_date_01_2022_(09_2023),0.0
approval_date_01_2022_(09_2024),0.0
approval_date_01_2022_(10_2022),0.0
approval_date_01_2022_(10_2023),0.0
approval_date_01_2022_(10_2024),0.0
approval_date_01_2022_(11_2022),0.0
approval_date_01_2022_(12_2022),0.0
approval_date_01_2023,0.0
approval_date_01_2023_(02_2024),0.0
approval_date_01_2023_(02_2025),0.0
approval_date_01_2023_(03_2024),0.0
approval_date_01_2023_(04_2023),0.0
approval_date_01_2023_(05_2023),0.0
approval_date_01_2023_(06_2024),0.0
approval_date_01_2023_(09_2023),0.0
approval_date_01_2023_(11_2023),0.0
approval_date_01_2023_(12_2023),0.0
approval_date_01_2024,0.0
approval_date_01_2024_(01_2024),0.0
approval_date_01_2024_(01_2025),0.0
approval_date_01_2024_(05_2024),0.0
approval_date_01_2024_(07_2024),0.0
approval_date_01_2024_(09_2024),0.0
approval_date_01_2025,0.0
approval_date_01_2025_(01_2025),0.0
approval_date_01_2025_(02_2025),0.0
approval_date_01_2026,0.0
approval_date_02_2008,0.0
approval_date_02_2008_(01_2012),0.0
approval_date_02_2008_(03_2013),0.0
approval_date_02_2010,0.0
approval_date_02_2010_(04_2018),0.0
approval_date_02_2011,0.0
approval_date_02_2011_(02_2011),0.0
approval_date_02_2011_(03_2023),0.0
approval_date_02_2012,0.0
approval_date_02_2012_(02_2012),0.0
approval_date_02_2013,0.0
approval_date_02_2013_(03_2013),0.0
approval_date_02_2014,0.0
approval_date_02_2014_(02_2016),0.0
approval_date_02_2015,0.0
approval_date_02_2015_(02_2015),0.0
approval_date_02_2015_(03_2023),0.0
approval_date_02_2015_(10_2024),0.0
approval_date_02_2016,0.0
approval_date_02_2016_(04_2018),0.0
approval_date_02_2016_(06_2016),0.0
approval_date_02_2017,0.0
approval_date_02_2017_(03_2018),0.0
approval_date_02_2017_(07_2018),0.0
approval_date_02_2017_(08_2017),0.0
approval_date_02_2017_(09_2017),0.0
approval_date_02_2017_(09_2022),0.0
approval_date_02_2017_(10_2020),0.0
approval_date_02_2017_(12_2018),0.0
approval_date_02_2017_(12_2019),0.0
approval_date_02_2018,0.0
approval_date_02_2018_(02_2018),0.0
approval_date_02_2018_(02_2021),0.0
approval_date_02_2018_(05_2018),0.0
approval_date_02_2018_(05_2022),0.0
approval_date_02_2018_(06_2018),0.0
approval_date_02_2018_(06_2022),0.0
approval_date_02_2018_(11_2019),0.0
approval_date_02_2018_(12_2023),0.0
approval_date_02_2019_(01_2022),0.0
approval_date_02_2019_(02_2019),0.0
approval_date_02_2019_(02_2020),0.0
approval_date_02_2019_(03_2021),0.0
approval_date_02_2019_(10_2021),0.0
approval_date_02_2020,0.0
approval_date_02_2020_(02_2020),0.0
approval_date_02_2020_(03_2021),0.0
approval_date_02_2020_(05_2022),0.0
approval_date_02_2020_(08_2021),0.0
approval_date_02_2020_(09_2020),0.0
approval_date_02_2020_(09_2024),0.0
approval_date_02_2021,0.0
approval_date_02_2021_(01_2022),0.0
approval_date_02_2021_(01_2023),0.0
approval_date_02_2021_(02_2021),0.0
approval_date_02_2021_(03_2021),0.0
approval_date_02_2021_(03_2022),0.0
approval_date_02_2021_(04_2023),0.0
approval_date_02_2021_(06_2021),0.0
approval_date_02_2021_(06_2023),0.0
approval_date_02_2021_(07_2022),0.0
approval_date_02_2021_(08_2022),0.0
approval_date_02_2021_(10_2021),0.0
approval_date_02_2021_(10_2023),0.0
approval_date_02_2021_(11_2021),0.0
approval_date_02_2021_(12_2021),0.0
approval_date_02_2021_(12_2022),0.0
approval_date_02_2021_(12_2024),0.0
approval_date_02_2022,0.0
approval_date_02_2022_(01_2023),0.0
approval_date_02_2022_(01_2025),0.0
approval_date_02_2022_(02_2022),0.0
approval_date_02_2022_(02_2024),0.0
approval_date_02_2022_(03_2023),0.0
approval_date_02_2022_(04_2023),0.0
approval_date_02_2022_(05_2023),0.0
approval_date_02_2022_(06_2022),0.0
approval_date_02_2022_(06_2023),0.0
approval_date_02_2022_(07_2023),0.0
approval_date_02_2022_(09_2023),0.0
approval_date_02_2022_(11_2022),0.0
approval_date_02_2022_(12_2022),0.0
approval_date_02_2023_(01_2024),0.0
approval_date_02_2023_(02_2023),0.0
approval_date_02_2023_(02_2024),0.0
approval_date_02_2023_(03_2024),0.0
approval_date_02_2023_(07_2024),0.0
approval_date_02_2023_(11_2023),0.0
approval_date_02_2023_(12_2022),0.0
approval_date_02_2024_(01_2025),0.0
approval_date_02_2024_(02_2024),0.0
approval_date_02_2024_(03_2024),0.0
approval_date_02_2024_(03_2025),0.0
approval_date_02_2024_(04_2023),0.0
approval_date_02_2024_(08_2024),0.0
approval_date_02_2025,0.0
approval_date_02_2025_(02_2025),0.0
approval_date_02_2026,0.0
approval_date_03_1983,0.0
approval_date_03_1983_(05_1985),0.0
approval_date_03_1994,0.0
approval_date_03_1994_(03_2001),0.0
approval_date_03_1998,0.0
approval_date_03_1999,0.0
approval_date_03_2001,0.0
approval_date_03_2001_(02_2008),0.0
approval_date_03_2001_(10_2004),0.0
approval_date_03_2002,0.0
approval_date_03_2004,0.0
approval_date_03_2004_(12_2004),0.0
approval_date_03_2008,0.0
approval_date_03_2008_(05_2009),0.0
approval_date_03_2008_(07_2010),0.0
approval_date_03_2009,0.0
approval_date_03_2009_(04_2015),0.0
approval_date_03_2009_(09_2013),0.0
approval_date_03_2010,0.0
approval_date_03_2010_(03_2018),0.0
approval_date_03_2010_(04_2010),0.0
approval_date_03_2010_(07_2012),0.0
approval_date_03_2010_(10_2011),0.0
approval_date_03_2011,0.0
approval_date_03_2011_(07_2018),0.0
approval_date_03_2012,0.0
approval_date_03_2012_(12_2016),0.0
approval_date_03_2013,0.0
approval_date_03_2013_(03_2013),0.0
approval_date_03_2013_(08_2014),0.0
approval_date_03_2013_(12_2007),0.0
approval_date_03_2013_(12_2015),0.0
approval_date_03_2014,0.0
approval_date_03_2014_(03_2022),0.0
approval_date_03_2015,0.0
approval_date_03_2015_(09_2017),0.0
approval_date_03_2015_(10_2015),0.0
approval_date_03_2015_(12_2016),0.0
approval_date_03_2016_(01_2014),0.0
approval_date_03_2016_(01_2018),0.0
approval_date_03_2016_(02_2017),0.0
approval_date_03_2016_(03_1999),0.0
approval_date_03_2016_(03_2016),0.0
approval_date_03_2016_(03_2017),0.0
approval_date_03_2016_(05_2017),0.0
approval_date_03_2016_(11_2019),0.0
approval_date_03_2016_(12_2016),0.0
approval_date_03_2017,0.0
approval_date_03_2017_(02_2018),0.0
approval_date_03_2017_(03_2017),0.0
approval_date_03_2017_(04_2018),0.0
approval_date_03_2017_(06_2017),0.0
approval_date_03_2017_(06_2019),0.0
approval_date_03_2017_(07_2017),0.0
approval_date_03_2017_(08_2019),0.0
approval_date_03_2017_(09_2017),0.0
approval_date_03_2017_(10_2018),0.0
approval_date_03_2017_(11_2017),0.0
approval_date_03_2018,0.0
approval_date_03_2018_(01_2019),0.0
approval_date_03_2018_(01_2022),0.0
approval_date_03_2018_(01_2023),0.0
approval_date_03_2018_(03_2017),0.0
approval_date_03_2018_(04_2019),0.0
approval_date_03_2018_(06_2018),0.0
approval_date_03_2018_(07_2018),0.0
approval_date_03_2018_(07_2019),0.0
approval_date_03_2018_(08_2018),0.0
approval_date_03_2018_(08_2023),0.0
approval_date_03_2018_(09_2018),0.0
approval_date_03_2018_(10_2019),0.0
approval_date_03_2018_(10_2020),0.0
approval_date_03_2018_(11_2019),0.0
approval_date_03_2018_(11_2021),0.0
approval_date_03_2018_(12_2018),0.0
approval_date_03_2018_(12_2019),0.0
approval_date_03_2018_(12_2020),0.0
approval_date_03_2018_(12_2021),0.0
approval_date_03_2019,0.0
approval_date_03_2019_(02_2020),0.0
approval_date_03_2019_(03_2017),0.0
approval_date_03_2019_(03_2019),0.0
approval_date_03_2019_(03_2020),0.0
approval_date_03_2019_(04_2019),0.0
approval_date_03_2019_(04_2024),0.0
approval_date_03_2019_(05_2019),0.0
approval_date_03_2019_(06_2019),0.0
approval_date_03_2019_(10_2020),0.0
approval_date_03_2019_(11_2020),0.0
approval_date_03_2019_(12_2019),0.0
approval_date_03_2019_(12_2022),0.0
approval_date_03_2019_(12_2025),0.0
approval_date_03_2020,0.0
approval_date_03_2020_(01_2022),0.0
approval_date_03_2020_(01_2024),0.0
approval_date_03_2020_(03_2020),0.0
approval_date_03_2020_(04_2022),0.0
approval_date_03_2020_(05_2022),0.0
approval_date_03_2020_(06_2020),0.0
approval_date_03_2020_(07_2020),0.0
approval_date_03_2020_(11_2023),0.0
approval_date_03_2020_(12_2020),0.0
approval_date_03_2021,0.0
approval_date_03_2021_(01_2023),0.0
approval_date_03_2021_(01_2024),0.0
approval_date_03_2021_(02_2022),0.0
approval_date_03_2021_(02_2023),0.0
approval_date_03_2021_(03_2021),0.0
approval_date_03_2021_(04_2022),0.0
approval_date_03_2021_(05_2021),0.0
approval_date_03_2021_(05_2023),0.0
approval_date_03_2021_(06_2021),0.0
approval_date_03_2021_(06_2022),0.0
approval_date_03_2021_(06_2024),0.0
approval_date_03_2021_(07_2021),0.0
approval_date_03_2021_(07_2022),0.0
approval_date_03_2021_(07_2023),0.0
approval_date_03_2021_(08_2021),0.0
approval_date_03_2021_(08_2022),0.0
approval_date_03_2021_(09_2021),0.0
approval_date_03_2021_(09_2022),0.0
approval_date_03_2021_(09_2023),0.0
approval_date_03_2021_(10_2022),0.0
approval_date_03_2021_(10_2023),0.0
approval_date_03_2021_(11_2022),0.0
approval_date_03_2021_(12_2022),0.0
approval_date_03_2022,0.0
approval_date_03_2022_(01_2023),0.0
approval_date_03_2022_(02_2023),0.0
approval_date_03_2022_(02_2024),0.0
approval_date_03_2022_(03_2022),0.0
approval_date_03_2022_(03_2023),0.0
approval_date_03_2022_(03_2024),0.0
approval_date_03_2022_(04_2020),0.0
approval_date_03_2022_(04_2022),0.0
approval_date_03_2022_(04_2023),0.0
approval_date_03_2022_(05_2023),0.0
approval_date_03_2022_(06_2023),0.0
approval_date_03_2022_(07_2023),0.0
approval_date_03_2022_(08_2022),0.0
approval_date_03_2022_(08_2023),0.0
approval_date_03_2022_(09_2023),0.0
approval_date_03_2022_(10_2022),0.0
approval_date_03_2022_(10_2023),0.0
approval_date_03_2022_(11_2023),0.0
approval_date_03_2022_(11_2024),0.0
approval_date_03_2022_(12_2022),0.0
approval_date_03_2023_(01_2024),0.0
approval_date_03_2023_(01_2025),0.0
approval_date_03_2023_(02_2024),0.0
approval_date_03_2023_(02_2025),0.0
approval_date_03_2023_(03_2023),0.0
approval_date_03_2023_(03_2024),0.0
approval_date_03_2023_(06_2023),0.0
approval_date_03_2023_(06_2024),0.0
approval_date_03_2023_(07_2023),0.0
approval_date_03_2023_(07_2024),0.0
approval_date_03_2023_(08_2023),0.0
approval_date_03_2023_(09_2023),0.0
approval_date_03_2023_(09_2024),0.0
approval_date_03_2023_(11_2023),0.0
approval_date_03_2023_(12_2023),0.0
approval_date_03_2023_(12_2024),0.0
approval_date_03_2024_(03_2024),0.0
approval_date_03_2024_(04_2024),0.0
approval_date_03_2024_(11_2024),0.0
approval_date_03_2024_(12_2024),0.0
approval_date_03_2025,0.0
approval_date_03_2025_(03_2025),0.0
approval_date_03_2027,0.0
approval_date_04_1996,0.0
approval_date_04_1996_(04_1996),0.0
approval_date_04_1996_(12_1996),0.0
approval_date_04_1997,0.0
approval_date_04_1997_(01_1998),0.0
approval_date_04_1997_(04_1997),0.0
approval_date_04_2003,0.0
approval_date_04_2003_(01_2004),0.0
approval_date_04_2004,0.0
approval_date_04_2005,0.0
approval_date_04_2005_(01_2006),0.0
approval_date_04_2005_(04_2005),0.0
approval_date_04_2006,0.0
approval_date_04_2007,0.0
approval_date_04_2007_(01_2008),0.0
approval_date_04_2007_(04_2007),0.0
approval_date_04_2007_(12_2007),0.0
approval_date_04_2008,0.0
approval_date_04_2008_(01_2009),0.0
approval_date_04_2008_(03_2010),0.0
approval_date_04_2008_(04_2008),0.0
approval_date_04_2009,0.0
approval_date_04_2009_(01_2010),0.0
approval_date_04_2009_(04_2009),0.0
approval_date_04_2009_(12_2009),0.0
approval_date_04_2010,0.0
approval_date_04_2011,0.0
approval_date_04_2011_(01_2012),0.0
approval_date_04_2012,0.0
approval_date_04_2012_(10_2018),0.0
approval_date_04_2013,0.0
approval_date_04_2014,0.0
approval_date_04_2014_(01_2016),0.0
approval_date_04_2014_(04_2014),0.0
approval_date_04_2015,0.0
approval_date_04_2016,0.0
approval_date_04_2016_(04_2016),0.0
approval_date_04_2017,0.0
approval_date_04_2017_(04_2017),0.0
approval_date_04_2017_(04_2018),0.0
approval_date_04_2017_(05_2018),0.0
approval_date_04_2018,0.0
approval_date_04_2018_(03_2019),0.0
approval_date_04_2018_(07_2020),0.0
approval_date_04_2019,0.0
approval_date_04_2019_(02_2019),0.0
approval_date_04_2019_(02_2020),0.0
approval_date_04_2019_(04_2019),0.0
approval_date_04_2019_(09_2020),0.0
approval_date_04_2019_(10_2020),0.0
approval_date_04_2019_(12_1998),0.0
approval_date_04_2020,0.0
approval_date_04_2020_(03_2021),0.0
approval_date_04_2020_(04_2020),0.0
approval_date_04_2020_(07_2020),0.0
approval_date_04_2020_(07_2022),0.0
approval_date_04_2020_(08_2022),0.0
approval_date_04_2020_(09_2022),0.0
approval_date_04_2020_(11_2022),0.0
approval_date_04_2020_(11_2023),0.0
approval_date_04_2021,0.0
approval_date_04_2021_(04_2021),0.0
approval_date_04_2022,0.0
approval_date_04_2022_(04_2022),0.0
approval_date_04_2022_(05_2024),0.0
approval_date_04_2022_(08_2022),0.0
approval_date_04_2022_(11_2022),0.0
approval_date_04_2022_(12_2023),0.0
approval_date_04_2023,0.0
approval_date_04_2023_(03_2024),0.0
approval_date_04_2023_(04_2023),0.0
approval_date_04_2023_(04_2024),0.0
approval_date_04_2023_(05_2024),0.0
approval_date_04_2023_(07_2023),0.0
approval_date_04_2023_(10_2025),0.0
approval_date_04_2023_(11_2024),0.0
approval_date_04_2023_(12_2023),0.0
approval_date_04_2024,0.0
approval_date_04_2024_(04_2024),0.0
approval_date_04_2025,0.0
approval_date_04_2025_(04_2025),0.0
approval_date_05_1985,0.0
approval_date_05_2002,0.0
approval_date_05_2002_(01_2017),0.0
approval_date_05_2008,0.0
approval_date_05_2008_(04_2008),0.0
approval_date_05_2009,0.0
approval_date_05_2010,0.0
approval_date_05_2014,0.0
approval_date_05_2014_(05_2014),0.0
approval_date_05_2015,0.0
approval_date_05_2016,0.0
approval_date_05_2016_(07_2014),0.0
approval_date_05_2016_(11_2017),0.0
approval_date_05_2017,0.0
approval_date_05_2017_(03_2012),0.0
approval_date_05_2017_(04_2018),0.0
approval_date_05_2018,0.0
approval_date_05_2018_(03_2017),0.0
approval_date_05_2018_(03_2023),0.0
approval_date_05_2018_(05_2018),0.0
approval_date_05_2018_(06_2021),0.0
approval_date_05_2018_(06_2023),0.0
approval_date_05_2018_(12_2021),0.0
approval_date_05_2019,0.0
approval_date_05_2019_(06_2021),0.0
approval_date_05_2019_(09_2022),0.0
approval_date_05_2019_(11_2019),0.0
approval_date_05_2019_(12_2020),0.0
approval_date_05_2020,0.0
approval_date_05_2020_(01_2022),0.0
approval_date_05_2020_(04_2023),0.0
approval_date_05_2020_(05_2020),0.0
approval_date_05_2020_(07_2021),0.0
approval_date_05_2020_(08_2023),0.0
approval_date_05_2020_(11_2024),0.0
approval_date_05_2020_(12_2021),0.0
start_date_12_2008,0.0
approval_date_05_2021,0.0
approval_date_05_2021_(05_2021),0.0
approval_date_05_2021_(11_2022),0.0
approval_date_05_2022,0.0
approval_date_05_2022_(01_2023),0.0
approval_date_05_2022_(02_2023),0.0
approval_date_05_2022_(04_2023),0.0
approval_date_05_2022_(05_2022),0.0
approval_date_05_2022_(09_2022),0.0
approval_date_05_2022_(10_2022),0.0
approval_date_05_2022_(10_2023),0.0
approval_date_05_2022_(11_2022),0.0
start_date_12_2019,0.0
start_date_12_2020,0.0
approval_date_05_2023_(06_2023),0.0
approval_date_05_2023_(12_2023),0.0
start_date_12_2024,0.0
start_date_12_2025,0.0
approval_date_05_2025,0.0
approval_date_05_2025_(01_2026),0.0
approval_date_05_2025_(06_2025),0.0
approval_date_05_2026,0.0
approval_date_06_2009,0.0
approval_date_06_2009_(06_2009),0.0
approval_date_06_2010,0.0
approval_date_06_2010_(01_2011),0.0
approval_date_06_2011,0.0
approval_date_06_2012,0.0
approval_date_06_2012_(06_2012),0.0
approval_date_06_2015,0.0
approval_date_06_2016,0.0
approval_date_06_2016_(01_2017),0.0
approval_date_06_2016_(06_2016),0.0
approval_date_06_2016_(11_2016),0.0
approval_date_06_2017,0.0
approval_date_06_2017_(06_2017),0.0
approval_date_06_2017_(11_2017),0.0
approval_date_06_2018,0.0
approval_date_06_2018_(03_2009),0.0
approval_date_06_2018_(04_2019),0.0
approval_date_06_2018_(12_2018),0.0
approval_date_06_2019,0.0
approval_date_06_2019_(02_2021),0.0
approval_date_06_2019_(03_2021),0.0
approval_date_06_2019_(06_2019),0.0
approval_date_06_2020,0.0
approval_date_06_2020_(02_2022),0.0
approval_date_06_2020_(04_2023),0.0
approval_date_06_2020_(04_2024),0.0
approval_date_06_2020_(05_2022),0.0
approval_date_06_2020_(06_2020),0.0
approval_date_06_2020_(06_2024),0.0
approval_date_06_2020_(08_2020),0.0
approval_date_06_2020_(09_2020),0.0
approval_date_06_2020_(10_2020),0.0
approval_date_06_2020_(10_2021),0.0
approval_date_06_2020_(12_2021),0.0
state_Jharkhand,0.0
approval_date_06_2021_(01_2019),0.0
approval_date_06_2021_(03_2022),0.0
approval_date_06_2021_(04_2022),0.0
approval_date_06_2021_(06_2021),0.0
approval_date_06_2021_(07_2021),0.0
approval_date_06_2021_(09_2022),0.0
approval_date_06_2021_(09_2023),0.0
approval_date_06_2021_(11_2022),0.0
approval_date_06_2022,0.0
approval_date_06_2022_(01_2023),0.0
approval_date_06_2022_(02_2021),0.0
state_Ladakh,0.0
approval_date_06_2022_(04_2023),0.0
approval_date_06_2022_(05_2023),0.0
approval_date_06_2022_(06_2022),0.0
approval_date_06_2022_(06_2023),0.0
approval_date_06_2022_(07_2022),0.0
approval_date_06_2022_(07_2023),0.0
approval_date_06_2022_(12_2022),0.0
approval_date_06_2023,0.0
approval_date_06_2023_(01_2024),0.0
approval_date_06_2023_(02_2024),0.0
approval_date_06_2023_(11_2023),0.0
approval_date_06_2024,0.0
approval_date_06_2024_(02_2025),0.0
approval_date_06_2024_(06_2024),0.0
approval_date_06_2024_(07_2024),0.0
approval_date_06_2025,0.0
approval_date_06_2025_(06_2025),0.0
approval_date_06_2025_(07_2025),0.0
approval_date_07_2006,0.0
approval_date_07_2006_(06_2011),0.0
approval_date_07_2007,0.0
approval_date_07_2008,0.0
approval_date_07_2008_(01_2019),0.0
approval_date_07_2008_(10_2008),0.0
approval_date_07_2009,0.0
state_Maharashtra,0.0
approval_date_07_2010,0.0
approval_date_07_2011,0.0
approval_date_07_2011_(05_2021),0.0
approval_date_07_2011_(07_2011),0.0
approval_date_07_2012,0.0
approval_date_07_2013,0.0
approval_date_07_2013_(06_2016),0.0
approval_date_07_2013_(12_2015),0.0
approval_date_07_2015,0.0
approval_date_07_2015_(05_2018),0.0
approval_date_07_2015_(07_2015),0.0
state_Mizoram,0.0
approval_date_07_2016,0.0
approval_date_07_2016_(01_2017),0.0
approval_date_07_2016_(02_2023),0.0
approval_date_07_2016_(05_2018),0.0
approval_date_07_2016_(07_2016),0.0
approval_date_07_2016_(08_2016),0.0
approval_date_07_2016_(09_2019),0.0
approval_date_07_2016_(10_2016),0.0
approval_date_07_2017,0.0
approval_date_07_2017_(03_2020),0.0
approval_date_07_2017_(04_2023),0.0
approval_date_07_2017_(09_2017),0.0
approval_date_07_2017_(10_2011),0.0
approval_date_07_2018,0.0
approval_date_07_2018_(02_2021),0.0
approval_date_07_2018_(09_2018),0.0
approval_date_07_2019,0.0
approval_date_07_2019_(03_2025),0.0
approval_date_07_2019_(05_2019),0.0
approval_date_07_2019_(07_2019),0.0
approval_date_07_2020,0.0
approval_date_07_2020_(01_2022),0.0
approval_date_07_2020_(02_2024),0.0
approval_date_07_2020_(03_2021),0.0
approval_date_07_2020_(04_2021),0.0
approval_date_07_2020_(04_2024),0.0
approval_date_07_2020_(05_2023),0.0
approval_date_07_2020_(05_2024),0.0
state_Multi-States_(Andhra_Pradesh__Bihar__Chhattisgarh__Jharkhand__Madhya_Pradesh__Maharashtra__Odisha__Telangana__Uttar_Pradesh__West_Bengal),0.0
approval_date_07_2020_(07_2020),0.0
approval_date_07_2020_(07_2021),0.0
approval_date_07_2020_(10_2020),0.0
approval_date_07_2020_(10_2021),0.0
approval_date_07_2020_(10_2023),0.0
approval_date_07_2020_(11_2021),0.0
state_Multi-States_(Andhra_Pradesh__Chhattisgarh__Jharkhand__Maharashtra__Odisha),0.0
approval_date_07_2021,0.0
approval_date_07_2021_(02_2022),0.0
approval_date_07_2021_(02_2023),0.0
approval_date_07_2021_(07_2021),0.0
approval_date_07_2021_(08_2021),0.0
approval_date_07_2021_(08_2022),0.0
approval_date_07_2021_(09_2021),0.0
approval_date_07_2021_(11_2021),0.0
approval_date_07_2022,0.0
approval_date_07_2022_(01_2023),0.0
approval_date_07_2022_(01_2024),0.0
approval_date_07_2022_(03_2023),0.0
approval_date_07_2022_(03_2024),0.0
approval_date_07_2022_(04_2024),0.0
approval_date_07_2022_(07_2022),0.0
approval_date_07_2022_(07_2023),0.0
approval_date_07_2022_(08_2022),0.0
approval_date_07_2022_(09_2023),0.0
approval_date_07_2023,0.0
approval_date_07_2023_(07_2022),0.0
approval_date_07_2023_(07_2023),0.0
approval_date_07_2024,0.0
approval_date_07_2024_(07_2024),0.0
approval_date_07_2024_(08_2024),0.0
approval_date_07_2024_(12_2024),0.0
approval_date_07_2025,0.0
approval_date_07_2025_(07_2025),0.0
state_Multi-States_(Andhra_Pradesh__Chhattisgarh__Odisha),0.0
approval_date_08_2002,0.0
approval_date_08_2002_(03_2002),0.0
approval_date_08_2008,0.0
approval_date_08_2008_(01_2014),0.0
approval_date_08_2009,0.0
approval_date_08_2009_(08_2009),0.0
approval_date_08_2010,0.0
approval_date_08_2010_(04_2014),0.0
approval_date_08_2011,0.0
approval_date_08_2011_(08_2011),0.0
approval_date_08_2014,0.0
approval_date_08_2015,0.0
approval_date_08_2015_(02_2016),0.0
approval_date_08_2015_(03_2011),0.0
approval_date_08_2015_(08_2015),0.0
approval_date_08_2016,0.0
approval_date_08_2016_(01_2017),0.0
approval_date_08_2016_(04_2018),0.0
approval_date_08_2016_(08_2016),0.0
state_Multi-States_(Andhra_Pradesh__Karnataka),0.0
approval_date_08_2017,0.0
state_Multi-States_(Andhra_Pradesh__Maharashtra__Telangana),0.0
approval_date_08_2017_(03_2016),0.0
approval_date_08_2017_(07_2019),0.0
approval_date_08_2017_(09_2017),0.0
approval_date_08_2017_(12_2017),0.0
approval_date_08_2017_(12_2022),0.0
approval_date_08_2018,0.0
approval_date_08_2018_(02_2019),0.0
approval_date_08_2018_(08_2018),0.0
approval_date_08_2018_(12_2018),0.0
approval_date_08_2018_(12_2023),0.0
state_Multi-States_(Andhra_Pradesh__Odisha),0.0
approval_date_08_2019_(01_2022),0.0
approval_date_08_2019_(03_2017),0.0
approval_date_08_2019_(08_2019),0.0
approval_date_08_2019_(10_2020),0.0
approval_date_08_2020,0.0
approval_date_08_2020_(01_2021),0.0
state_Multi-States_(Andhra_Pradesh__Telangana),0.0
approval_date_08_2020_(02_2022),0.0
approval_date_08_2020_(03_2021),0.0
approval_date_08_2020_(06_2021),0.0
approval_date_08_2020_(06_2022),0.0
approval_date_08_2020_(07_2022),0.0
approval_date_08_2020_(08_2020),0.0
approval_date_08_2020_(09_2021),0.0
approval_date_08_2020_(10_2022),0.0
approval_date_08_2020_(11_2021),0.0
approval_date_08_2020_(12_2021),0.0
approval_date_08_2021,0.0
approval_date_08_2021_(03_2019),0.0
approval_date_08_2021_(06_2022),0.0
approval_date_08_2021_(06_2023),0.0
approval_date_08_2021_(07_2022),0.0
approval_date_08_2021_(08_2021),0.0
approval_date_08_2021_(12_2023),0.0
approval_date_08_2022,0.0
approval_date_08_2022_(02_2023),0.0
approval_date_08_2022_(06_2022),0.0
approval_date_08_2022_(07_2022),0.0
state_Multi-States_(Arunachal_Pradesh__Assam),0.0
approval_date_08_2022_(09_2022),0.0
approval_date_08_2022_(09_2023),0.0
approval_date_08_2022_(10_2023),0.0
approval_date_08_2022_(12_2022),0.0
approval_date_08_2023,0.0
approval_date_08_2023_(01_2025),0.0
approval_date_08_2023_(02_2024),0.0
approval_date_08_2023_(03_2023),0.0
approval_date_08_2023_(03_2024),0.0
approval_date_08_2023_(04_2025),0.0
approval_date_08_2023_(06_2024),0.0
approval_date_08_2023_(07_2022),0.0
approval_date_08_2023_(08_2023),0.0
approval_date_08_2023_(12_2023),0.0
state_Multi-States_(Arunachal_Pradesh__Gujarat__Rajasthan),0.0
approval_date_08_2024_(03_2025),0.0
approval_date_08_2024_(04_2025),0.0
approval_date_08_2024_(08_2024),0.0
approval_date_08_2024_(08_2025),0.0
approval_date_08_2024_(09_2024),0.0
approval_date_08_2024_(09_2025),0.0
approval_date_08_2024_(12_2024),0.0
approval_date_08_2025,0.0
approval_date_08_2025_(08_2025),0.0
approval_date_08_2025_(10_2025),0.0
approval_date_09_2003,0.0
state_Multi-States_(Arunachal_Pradesh__Sikkim),0.0
approval_date_09_2009,0.0
approval_date_09_2009_(03_2013),0.0
approval_date_09_2009_(06_2014),0.0
approval_date_09_2009_(07_2013),0.0
approval_date_09_2009_(09_2014),0.0
approval_date_09_2009_(11_2022),0.0
approval_date_09_2009_(12_2014),0.0
approval_date_09_2011,0.0
approval_date_09_2011_(04_2015),0.0
approval_date_09_2012,0.0
state_Multi-States_(Assam__Bihar__Jharkhand__Odisha__West_Bengal),0.0
approval_date_09_2013,0.0
state_Multi-States_(Assam__Bihar__West_Bengal),0.0
approval_date_09_2014_(09_2014),0.0
approval_date_09_2015,0.0
approval_date_09_2015_(05_2016),0.0
approval_date_09_2015_(09_2015),0.0
approval_date_09_2016,0.0
approval_date_09_2016_(01_2018),0.0
approval_date_09_2016_(03_2018),0.0
state_Multi-States_(Assam__Manipur__Meghalaya__Mizoram__Nagaland__Tripura),0.0
approval_date_09_2016_(10_2016),0.0
approval_date_09_2016_(12_2016),0.0
approval_date_09_2017,0.0
approval_date_09_2017_(07_2017),0.0
approval_date_09_2017_(12_2017),0.0
approval_date_09_2018,0.0
approval_date_09_2018_(01_2022),0.0
approval_date_09_2018_(06_2021),0.0
approval_date_09_2018_(08_2020),0.0
approval_date_09_2018_(09_2018),0.0
approval_date_09_2018_(09_2019),0.0
approval_date_09_2018_(10_2018),0.0
approval_date_09_2019,0.0
approval_date_09_2019_(02_2023),0.0
approval_date_09_2019_(03_2020),0.0
approval_date_09_2019_(03_2023),0.0
state_Multi-States_(Bihar__Delhi__Jharkhand__Uttar_Pradesh__West_Bengal),0.0
approval_date_09_2019_(09_2020),0.0
approval_date_09_2019_(10_2019),0.0
approval_date_09_2019_(10_2020),0.0
state_Multi-States_(Bihar__Gujarat__Himachal_Pradesh__Jammu_and_Kashmir__Ladakh__Rajasthan__Uttar_Pradesh),0.0
approval_date_09_2019_(12_2019),0.0
approval_date_09_2019_(12_2023),0.0
approval_date_09_2020,0.0
approval_date_09_2020_(03_2021),0.0
approval_date_09_2020_(03_2022),0.0
approval_date_09_2020_(03_2025),0.0
approval_date_09_2020_(04_2021),0.0
approval_date_09_2020_(05_2021),0.0
approval_date_09_2020_(09_2018),0.0
approval_date_09_2020_(09_2020),0.0
approval_date_09_2020_(10_2020),0.0
approval_date_09_2020_(10_2021),0.0
approval_date_09_2020_(11_2021),0.0
approval_date_09_2020_(12_2022),0.0
state_Multi-States_(Bihar__Odisha__West_Bengal),0.0
approval_date_09_2021_(01_2023),0.0
approval_date_09_2021_(03_2022),0.0
approval_date_09_2021_(05_2022),0.0
approval_date_09_2021_(06_2022),0.0
approval_date_09_2021_(07_2022),0.0
approval_date_09_2021_(07_2023),0.0
approval_date_09_2021_(08_2022),0.0
state_Multi-States_(Bihar__Uttar_Pradesh),0.0
approval_date_09_2021_(09_2022),0.0
approval_date_09_2021_(09_2023),0.0
approval_date_09_2021_(10_2022),0.0
approval_date_09_2021_(11_2021),0.0
approval_date_09_2022,0.0
approval_date_09_2022_(01_2023),0.0
approval_date_09_2022_(05_2024),0.0
approval_date_09_2022_(05_2025),0.0
approval_date_09_2022_(06_2022),0.0
approval_date_09_2022_(06_2023),0.0
approval_date_09_2022_(08_2023),0.0
approval_date_09_2022_(09_2022),0.0
approval_date_09_2022_(09_2023),0.0
approval_date_09_2022_(11_2022),0.0
approval_date_09_2022_(11_2023),0.0
approval_date_09_2022_(12_2023),0.0
approval_date_09_2023,0.0
approval_date_09_2023_(09_2023),0.0
approval_date_09_2024,0.0
approval_date_09_2024_(03_2025),0.0
approval_date_09_2024_(07_2025),0.0
approval_date_09_2024_(08_2024),0.0
approval_date_09_2024_(09_2024),0.0
approval_date_09_2025,0.0
approval_date_09_2025_(09_2025),0.0
approval_date_1-2016,0.0
approval_date_1-2017,0.0
approval_date_1-2018,0.0
approval_date_1-2019,0.0
approval_date_1-2020,0.0
approval_date_1-2022,0.0
approval_date_1-2023,0.0
approval_date_10-2013,0.0
approval_date_10-2016,0.0
approval_date_10-2017,0.0
approval_date_10-2018,0.0
approval_date_10-2020,0.0
approval_date_10-2021,0.0
approval_date_10-2022,0.0
approval_date_10_2002,0.0
approval_date_10_2004,0.0
approval_date_10_2007,0.0
approval_date_10_2007_(10_2004),0.0
approval_date_10_2008,0.0
approval_date_10_2009,0.0
approval_date_10_2009_(05_2010),0.0
approval_date_10_2011,0.0
approval_date_10_2013,0.0
approval_date_10_2013_(01_2017),0.0
state_Multi-States_(Bihar__West_Bengal),0.0
state_Multi-States_(Chhattisgarh__Odisha),0.0
state_Multi-States_(Delhi__Haryana),0.0
approval_date_10_2014_(02_2018),0.0
approval_date_10_2014_(04_2018),0.0
approval_date_10_2014_(10_2014),0.0
approval_date_10_2015,0.0
approval_date_10_2015_(04_2015),0.0
approval_date_10_2015_(04_2016),0.0
approval_date_10_2015_(05_2023),0.0
approval_date_10_2016,0.0
approval_date_10_2016_(02_2017),0.0
approval_date_10_2016_(03_2017),0.0
approval_date_10_2016_(06_2017),0.0
approval_date_10_2016_(06_2022),0.0
approval_date_10_2016_(11_2020),0.0
approval_date_10_2017,0.0
approval_date_10_2017_(03_2017),0.0
approval_date_10_2017_(03_2022),0.0
approval_date_10_2017_(10_2017),0.0
approval_date_10_2017_(12_2018),0.0
approval_date_10_2018,0.0
approval_date_10_2018_(03_2017),0.0
approval_date_10_2018_(09_2019),0.0
approval_date_10_2018_(10_2018),0.0
approval_date_10_2018_(12_2017),0.0
approval_date_10_2019,0.0
state_Multi-States_(Goa__Karnataka__Maharashtra__Telangana),0.0
approval_date_10_2019_(07_2020),0.0
approval_date_10_2019_(07_2021),0.0
approval_date_10_2019_(08_2021),0.0
approval_date_10_2020,0.0
approval_date_10_2020_(05_2021),0.0
approval_date_10_2020_(05_2022),0.0
approval_date_10_2020_(06_2020),0.0
approval_date_10_2020_(10_2020),0.0
approval_date_10_2020_(10_2021),0.0
approval_date_10_2020_(12_2020),0.0
state_Multi-States_(Gujarat__Haryana__Maharashtra__Rajasthan__Uttar_Pradesh),0.0
approval_date_10_2021_(02_2023),0.0
approval_date_10_2021_(03_2022),0.0
approval_date_10_2021_(05_2022),0.0
approval_date_10_2021_(06_2022),0.0
approval_date_10_2021_(06_2023),0.0
approval_date_10_2021_(09_2022),0.0
state_Multi-States_(Gujarat__Maharashtra),0.0
approval_date_10_2021_(10_2022),0.0
approval_date_10_2021_(12_2021),0.0
approval_date_10_2022,0.0
approval_date_10_2022_(01_2024),0.0
approval_date_10_2022_(03_2024),0.0
approval_date_10_2022_(05_2023),0.0
approval_date_10_2022_(05_2024),0.0
approval_date_10_2022_(06_2023),0.0
approval_date_10_2022_(07_2023),0.0
approval_date_10_2022_(07_2025),0.0
approval_date_10_2022_(08_2023),0.0
approval_date_10_2022_(08_2025),0.0
approval_date_10_2022_(09_2023),0.0
approval_date_10_2022_(10_2022),0.0
approval_date_10_2022_(10_2023),0.0
approval_date_10_2022_(11_2023),0.0
approval_date_10_2023,0.0
approval_date_10_2023_(10_2023),0.0
approval_date_10_2023_(11_2023),0.0
approval_date_10_2023_(12_2023),0.0
approval_date_10_2024,0.0
approval_date_10_2024_(10_2024),0.0
approval_date_10_2024_(10_2025),0.0
approval_date_10_2024_(11_2020),0.0
approval_date_10_2025,0.0
approval_date_10_2025_(10_2025),0.0
approval_date_11-2015,0.0
approval_date_11-2016,0.0
approval_date_11-2017,0.0
approval_date_11-2020,0.0
approval_date_11-2021,0.0
approval_date_11-2022,0.0
approval_date_11_2004,0.0
approval_date_11_2004_(03_2002),0.0
state_Multi-States_(Gujarat__Rajasthan),0.0
approval_date_11_2006,0.0
approval_date_11_2006_(11_2006),0.0
approval_date_11_2007,0.0
approval_date_11_2007_(11_2008),0.0
approval_date_11_2008,0.0
approval_date_11_2008_(01_2014),0.0
approval_date_11_2010,0.0
approval_date_11_2010_(03_2010),0.0
approval_date_11_2012,0.0
approval_date_11_2012_(11_2012),0.0
approval_date_11_2014,0.0
approval_date_11_2014_(02_2015),0.0
approval_date_11_2014_(03_2019),0.0
approval_date_11_2014_(06_2024),0.0
approval_date_11_2015,0.0
approval_date_11_2015_(08_2017),0.0
approval_date_11_2015_(09_2020),0.0
approval_date_11_2015_(12_2015),0.0
approval_date_11_2015_(12_2016),0.0
approval_date_11_2016,0.0
approval_date_11_2016_(01_2018),0.0
approval_date_11_2016_(02_2019),0.0
approval_date_11_2016_(05_2017),0.0
approval_date_11_2016_(08_2018),0.0
approval_date_11_2016_(08_2020),0.0
approval_date_11_2016_(12_2016),0.0
approval_date_11_2017,0.0
approval_date_11_2017_(02_2019),0.0
approval_date_11_2017_(03_2017),0.0
approval_date_11_2017_(05_2019),0.0
approval_date_11_2017_(07_2019),0.0
approval_date_11_2017_(11_2017),0.0
approval_date_11_2017_(11_2019),0.0
approval_date_11_2017_(12_2019),0.0
approval_date_11_2018,0.0
approval_date_11_2018_(01_2019),0.0
approval_date_11_2018_(11_2018),0.0
approval_date_11_2019,0.0
approval_date_11_2019_(05_2021),0.0
approval_date_11_2019_(08_2019),0.0
approval_date_11_2019_(11_2019),0.0
state_Multi-States_(Haryana__Punjab),0.0
approval_date_11_2020_(04_2021),0.0
approval_date_11_2020_(09_2022),0.0
approval_date_11_2020_(10_2022),0.0
approval_date_11_2020_(11_2020),0.0
approval_date_11_2021,0.0
approval_date_11_2021_(01_2023),0.0
approval_date_11_2021_(02_2023),0.0
approval_date_11_2021_(05_2022),0.0
approval_date_11_2021_(06_2023),0.0
approval_date_11_2021_(07_2022),0.0
approval_date_11_2021_(08_2022),0.0
approval_date_11_2021_(09_2022),0.0
approval_date_11_2021_(10_2022),0.0
approval_date_11_2021_(11_2021),0.0
approval_date_11_2021_(11_2022),0.0
approval_date_11_2021_(12_2022),0.0
approval_date_11_2022,0.0
approval_date_11_2022_(03_2023),0.0
approval_date_11_2022_(06_2023),0.0
approval_date_11_2022_(08_2023),0.0
approval_date_11_2022_(10_2023),0.0
approval_date_11_2022_(11_2022),0.0
approval_date_11_2022_(12_2023),0.0
approval_date_11_2023,0.0
approval_date_11_2023_(01_2024),0.0
approval_date_11_2023_(11_2023),0.0
approval_date_11_2023_(12_2023),0.0
approval_date_11_2024,0.0
approval_date_11_2024_(05_2025),0.0
approval_date_11_2024_(11_2024),0.0
approval_date_11_2024_(12_2024),0.0
approval_date_11_2025,0.0
approval_date_12-2015,0.0
approval_date_12-2017,0.0
approval_date_12-2018,0.0
approval_date_12-2020,0.0
approval_date_12-2021,0.0
approval_date_12-2022,0.0
approval_date_12-2024,0.0
approval_date_12_1996,0.0
approval_date_12_1998,0.0
state_Multi-States_(Haryana__Punjab__Rajasthan),0.0
approval_date_12_2007,0.0
approval_date_12_2008,0.0
approval_date_12_2008_(06_2009),0.0
approval_date_12_2009,0.0
approval_date_12_2009_(12_2009),0.0
approval_date_12_2010,0.0
approval_date_12_2010_(02_2025),0.0
approval_date_12_2010_(12_2010),0.0
approval_date_12_2013,0.0
approval_date_12_2014,0.0
approval_date_12_2014_(03_2016),0.0
approval_date_12_2014_(12_2014),0.0
approval_date_12_2015,0.0
approval_date_12_2015_(01_2016),0.0
approval_date_12_2015_(03_2016),0.0
approval_date_12_2015_(03_2018),0.0
approval_date_12_2015_(03_2019),0.0
approval_date_12_2015_(10_2016),0.0
approval_date_12_2015_(12_2015),0.0
approval_date_12_2016,0.0
approval_date_12_2016_(03_2018),0.0
approval_date_12_2016_(11_2017),0.0
approval_date_12_2017,0.0
approval_date_12_2017_(02_2019),0.0
approval_date_12_2017_(04_2008),0.0
approval_date_12_2017_(07_2018),0.0
approval_date_12_2017_(10_2021),0.0
approval_date_12_2018,0.0
approval_date_12_2018_(03_2020),0.0
approval_date_12_2018_(07_2022),0.0
state_Multi-States_(Haryana__Uttar_Pradesh),0.0
approval_date_12_2018_(12_2018),0.0
approval_date_12_2019,0.0
approval_date_12_2019_(01_2020),0.0
approval_date_12_2019_(04_2020),0.0
approval_date_12_2019_(09_2020),0.0
state_Multi-States_(Jammu_and_Kashmir__Punjab),0.0
approval_date_12_2020,0.0
approval_date_12_2020_(02_2021),0.0
approval_date_12_2020_(02_2023),0.0
approval_date_12_2020_(02_2024),0.0
approval_date_12_2020_(03_2022),0.0
approval_date_12_2020_(03_2023),0.0
approval_date_12_2020_(06_2022),0.0
approval_date_12_2020_(07_2022),0.0
approval_date_12_2020_(08_2022),0.0
approval_date_12_2020_(09_2022),0.0
approval_date_12_2020_(10_2021),0.0
approval_date_12_2020_(10_2022),0.0
approval_date_12_2020_(11_2021),0.0
approval_date_12_2020_(12_2020),0.0
approval_date_12_2020_(12_2021),0.0
approval_date_12_2021,0.0
approval_date_12_2021_(01_2023),0.0
approval_date_12_2021_(02_2023),0.0
approval_date_12_2021_(02_2024),0.0
approval_date_12_2021_(03_2023),0.0
approval_date_12_2021_(04_2023),0.0
approval_date_12_2021_(05_2022),0.0
approval_date_12_2021_(05_2023),0.0
approval_date_12_2021_(08_2022),0.0
approval_date_12_2021_(08_2023),0.0
approval_date_12_2021_(09_2022),0.0
approval_date_12_2021_(10_2022),0.0
approval_date_12_2021_(11_2022),0.0
approval_date_12_2021_(12_2021),0.0
approval_date_12_2021_(12_2022),0.0
state_Multi-States_(Jharkhand__Odisha__West_Bengal),0.0
approval_date_12_2022_(01_2023),0.0
approval_date_12_2022_(03_2023),0.0
approval_date_12_2022_(03_2024),0.0
approval_date_12_2022_(05_2024),0.0
approval_date_12_2022_(08_2023),0.0
approval_date_12_2022_(08_2024),0.0
approval_date_12_2022_(11_2023),0.0
approval_date_12_2022_(11_2024),0.0
approval_date_12_2022_(12_2022),0.0
state_Multi-States_(Jharkhand__Uttar_Pradesh),0.0
approval_date_12_2023_(03_2024),0.0
approval_date_12_2023_(04_2024),0.0
approval_date_12_2023_(06_2024),0.0
approval_date_12_2023_(08_1997),0.0
state_Multi-States_(Karnataka__Kerala__Tamil_Nadu),0.0
approval_date_12_2024,0.0
approval_date_12_2024_(05_2025),0.0
approval_date_12_2024_(12_2024),0.0
approval_date_12_2025,0.0
approval_date_12_2025_(12_2025),0.0
approval_date_2-2016,0.0
approval_date_2-2017,0.0
state_Multi-States_(Karnataka__Maharashtra__Telangana__Uttar_Pradesh),0.0
approval_date_2-2019,0.0
approval_date_2-2021,0.0
state_Multi-States_(Karnataka__Tamil_Nadu),0.0
approval_date_2-2023,0.0
approval_date_3-1981,0.0
approval_date_3-1996,0.0
approval_date_3-2013,0.0
approval_date_3-2016,0.0
approval_date_3-2017,0.0
approval_date_3-2018,0.0
approval_date_3-2020,0.0
approval_date_3-2021,0.0
state_Multi-States_(Karnataka__Telangana),0.0
approval_date_3-2023,0.0
approval_date_4-1991,0.0
approval_date_4-1997,0.0
approval_date_4-1999,0.0
approval_date_4-2006,0.0
approval_date_4-2009,0.0
approval_date_4-2010,0.0
approval_date_4-2011,0.0
approval_date_4-2012,0.0
approval_date_4-2017,0.0
approval_date_4-2019,0.0
state_Multi-States_(Kerala__Puducherry),0.0
approval_date_4-2021,0.0
approval_date_4-2022,0.0
approval_date_5-2015,0.0
approval_date_5-2017,0.0
approval_date_5-2018,0.0
approval_date_5-2019,0.0
approval_date_5-2020,0.0
approval_date_5-2021,0.0
state_Multi-States_(Kerala__Tamil_Nadu),0.0
approval_date_5-2023,0.0
approval_date_6-2017,0.0
approval_date_6-2019,0.0
approval_date_6-2020,0.0
approval_date_6-2021,0.0
approval_date_6-2022,0.0
approval_date_6-2023,0.0
approval_date_7-2016,0.0
approval_date_7-2018,0.0
approval_date_7-2019,0.0
approval_date_7-2020,0.0
approval_date_7-2021,0.0
approval_date_7-2022,0.0
approval_date_7-2023,0.0
approval_date_8-2016,0.0
approval_date_8-2017,0.0
approval_date_8-2019,0.0
approval_date_8-2020,0.0
approval_date_8-2021,0.0
approval_date_8-2022,0.0
approval_date_9-1998,0.0
approval_date_9-2012,0.0
approval_date_9-2013,0.0
state_Multi-States_(Madhya_Pradesh__Maharashtra),0.0
approval_date_9-2019,0.0
state_Multi-States_(Madhya_Pradesh__Rajasthan__Uttar_Pradesh),0.0
approval_date_9-2021,0.0
approval_date_NA_(01_2011),0.0
approval_date_NA_(01_2022),0.0
approval_date_NA_(02_2018),0.0
approval_date_NA_(03_2021),0.0
approval_date_NA_(03_2025),0.0
approval_date_NA_(04_2017),0.0
approval_date_NA_(04_2018),0.0
approval_date_NA_(06_2023),0.0
approval_date_NA_(08_2018),0.0
approval_date_NA_(09_2011),0.0
approval_date_NA_(09_2020),0.0
approval_date_NA_(09_2021),0.0
approval_date_NA_(10_2016),0.0
approval_date_NA_(10_2021),0.0
approval_date_NA_(10_2022),0.0
state_Multi-States_(Maharashtra__Telangana),0.0
approval_date_NA_(11_2006),0.0
approval_date_NA_(11_2009),0.0
approval_date_NA_(12_2018),0.0
approval_date_Unknown,0.0
start_date_01_1999,0.0
start_date_01_2006,0.0
start_date_01_2007,0.0
start_date_01_2009,0.0
start_date_01_2014,0.0
start_date_01_2016,0.0
start_date_01_2017,0.0
state_Multi-States_(Odisha__West_Bengal),0.0
start_date_01_2019,0.0
state_Multi-States_(Punjab__Rajasthan),0.0
start_date_01_2021,0.0
start_date_01_2022,0.0
start_date_01_2023,0.0
start_date_01_2024,0.0
start_date_01_2025,0.0
start_date_01_2026,0.0
state_Multi-States_(Rajasthan__Uttar_Pradesh),0.0
start_date_02_2010,0.0
start_date_02_2011,0.0
start_date_02_2012,0.0
start_date_02_2013,0.0
start_date_02_2014,0.0
start_date_02_2015,0.0
state_Multi-States_(Sikkim__West_Bengal),0.0
start_date_02_2017,0.0
start_date_02_2018,0.0
state_Multi-States_(Uttar_Pradesh__Uttarakhand),0.0
start_date_02_2020,0.0
start_date_02_2021,0.0
start_date_02_2022,0.0
state_Multi-States_(Uttar_Pradesh__West_Bengal),0.0
start_date_02_2024,0.0
start_date_02_2025,0.0
start_date_02_2026,0.0
start_date_03_1983,0.0
start_date_03_1994,0.0
start_date_03_2001,0.0
start_date_03_2004,0.0
start_date_03_2008,0.0
start_date_03_2009,0.0
start_date_03_2010,0.0
start_date_03_2011,0.0
start_date_03_2012,0.0
start_date_03_2013,0.0
start_date_03_2014,0.0
start_date_03_2015,0.0
state_Nagaland,0.0
start_date_03_2017,0.0
state_Offshore,0.0
start_date_03_2019,0.0
start_date_03_2020,0.0
start_date_03_2021,0.0
start_date_03_2022,0.0
start_date_03_2023,0.0
start_date_03_2024,0.0
start_date_03_2025,0.0
start_date_04_1996,0.0
start_date_04_1997,0.0
start_date_04_2003,0.0
start_date_04_2005,0.0
start_date_04_2006,0.0
start_date_04_2007,0.0
start_date_04_2008,0.0
start_date_04_2009,0.0
start_date_04_2011,0.0
start_date_04_2012,0.0
start_date_04_2013,0.0
start_date_04_2014,0.0
start_date_04_2016,0.0
start_date_04_2017,0.0
start_date_04_2018,0.0
state_PAN_India,0.0
start_date_04_2020,0.0
start_date_04_2021,0.0
state_Sikkim,0.0
start_date_04_2023,0.0
start_date_04_2024,0.0
start_date_04_2025,0.0
start_date_05_2002,0.0
start_date_05_2008,0.0
start_date_05_2014,0.0
start_date_05_2016,0.0
start_date_05_2017,0.0
start_date_05_2018,0.0
start_date_05_2019,0.0
start_date_05_2020,0.0
start_date_05_2021,0.0
start_date_05_2022,0.0
start_date_05_2023,0.0
start_date_05_2024,0.0
start_date_05_2025,0.0
start_date_06_2009,0.0
start_date_06_2010,0.0
start_date_06_2012,0.0
start_date_06_2016,0.0
start_date_06_2017,0.0
start_date_06_2018,0.0
start_date_06_2019,0.0
start_date_06_2020,0.0
start_date_06_2021,0.0
start_date_06_2022,0.0
start_date_06_2023,0.0
start_date_06_2024,0.0
start_date_06_2025,0.0
start_date_07_2006,0.0
start_date_07_2008,0.0
start_date_07_2009,0.0
start_date_07_2011,0.0
start_date_07_2013,0.0
start_date_07_2015,0.0
start_date_07_2016,0.0
start_date_07_2017,0.0
start_date_07_2018,0.0
start_date_07_2019,0.0
start_date_07_2020,0.0
start_date_07_2021,0.0
start_date_07_2022,0.0
start_date_07_2023,0.0
start_date_07_2024,0.0
start_date_07_2025,0.0
start_date_08_2002,0.0
state_Telangana,0.0
start_date_08_2009,0.0
start_date_08_2010,0.0
start_date_08_2011,0.0
start_date_08_2015,0.0
state_Tripura,0.0
start_date_08_2017,0.0
start_date_08_2018,0.0
start_date_08_2019,0.0
start_date_08_2020,0.0
start_date_08_2021,0.0
start_date_08_2022,0.0
start_date_08_2023,0.0
start_date_08_2024,0.0
start_date_08_2025,0.0
start_date_09_2003,0.0
start_date_09_2009,0.0
start_date_09_2011,0.0
start_date_09_2012,0.0
start_date_09_2014,0.0
start_date_09_2015,0.0
start_date_09_2016,0.0
start_date_09_2017,0.0
start_date_09_2018,0.0
start_date_09_2019,0.0
start_date_09_2020,0.0
start_date_09_2021,0.0
start_date_09_2022,0.0
start_date_09_2023,0.0
start_date_09_2024,0.0
start_date_09_2025,0.0
start_date_10_2007,0.0
start_date_10_2009,0.0
start_date_10_2013,0.0
state_Uttar_Pradesh,0.0
start_date_10_2015,0.0
start_date_10_2016,0.0
start_date_10_2017,0.0
start_date_10_2018,0.0
state_West_Bengal,0.0
start_date_10_2020,0.0
start_date_10_2021,0.0
start_date_10_2022,0.0
start_date_10_2023,0.0
start_date_10_2024,0.0
start_date_10_2025,0.0
start_date_11_2004,0.0
sector_Aviation___Aviation_Infrastructure,0.0
sector_CIVIL_AVIATION,0.0
sector_COAL,0.0
has_expenditure,0.0
has_original_cost,0.0
state_ANDAMAN_AND_NICOBAR_ISLANDS,0.0
sector_DEPARTMENT_OF_HIGHER_EDUCATION,0.0
sector_Electricity_Generation,0.0
sector_HEALTH_AND_FAMILY_WELFARE,0.0
state_Assam,0.0
sector_HOME_AFFAIRS,0.0
sector_Inland_Waterways,0.0
state_Dadra___Nagar_Haveli_and_Daman___Diu,0.0
state_Delhi,0.0
state_GOA,0.0
state_Goa,0.0
start_date_11_2006,0.0
start_date_11_2007,0.0
start_date_11_2008,0.0
start_date_11_2010,0.0
start_date_11_2012,0.0
start_date_11_2014,0.0
start_date_11_2015,0.0
start_date_11_2016,0.0
start_date_11_2017,0.0
start_date_11_2018,0.0
start_date_11_2019,0.0
start_date_11_2020,0.0
start_date_11_2021,0.0
sector_Logistics_Infrastructure,0.0
start_date_11_2023,0.0
start_date_11_2024,0.0
