report_month,project_code,original_cost,expenditure,expenditure_ratio,physical_progress,previous_progress,progress_change,progress_velocity,previous_expenditure,expenditure_change,expenditure_velocity,previous_observations,months_observed,days_since_first_report,has_physical_progress,has_expenditure,has_original_cost,state,sector,ministry_final,agency_final,start_date,original_doc,future_time_delay
2025-02-01,400005,4546.26,4482.15,98.58982988214488,96.0,,,,,,,0,1,0,1,1,1,"Multi-States (Dadra & Nagar Haveli and Daman & Diu, Gujarat, Maharashtra)",Transmission & Distribution,Ministry of Power,Power Grid Corporation of India Limited [POWERGRID],01/2022,,1
2025-07-01,400005,4546.26,4148.46,91.24995050876984,93.0,96.0,-3.0,-0.02,4482.15,-333.6899999999996,-2.224599999999997,1,2,150,1,1,1,"Multi-States (Dadra & Nagar Haveli and Daman & Diu, Gujarat, Maharashtra)",Transmission & Distribution,Ministry of Power,Power Grid Corporation of India Limited [POWERGRID],,,1
2025-11-01,400005,4546.26,4318.95,95.00006598830686,94.0,93.0,1.0,0.032258064516129,4210.3,108.64999999999964,3.5048387096774074,4,5,273,1,1,1,"Multi-States (Dadra & Nagar Haveli and Daman & Diu, Gujarat, Maharashtra)",Transmission & Distribution,Ministry of Power,Power Grid Corporation of India Limited [POWERGRID],,,1
2025-12-01,400005,4546.26,4358.49,95.86979187288011,95.0,94.0,1.0,0.0333333333333333,4318.95,39.53999999999997,1.3179999999999987,5,6,303,1,1,1,"Multi-States (Dadra & Nagar Haveli and Daman & Diu, Gujarat, Maharashtra)",Transmission & Distribution,Ministry of Power,Power Grid Corporation of India Limited [POWERGRID],,,1
2025-02-01,400035,656.0,500.52,76.29878048780488,94.0,,,,,,,0,1,0,1,1,1,Tripura,Energy Storage,Ministry of Petroleum & Natural Gas,Indian Oil Corporation Limited [IOCL],06/2022,,1
2025-07-01,400035,656.0,465.73,70.9954268292683,84.0,94.0,-10.0,-0.0666666666666666,500.52,-34.789999999999964,-0.2319333333333331,1,2,150,1,1,1,Tripura,Energy Storage,Ministry of Petroleum & Natural Gas,Indian Oil Corporation Limited [IOCL],,,1
2025-11-01,400035,656.0,519.02,79.11890243902438,90.0,89.0,1.0,0.032258064516129,509.92,9.099999999999966,0.2935483870967731,4,5,273,1,1,1,Tripura,Energy Storage,Ministry of Petroleum & Natural Gas,Indian Oil Corporation Limited [IOCL],,,1
2025-12-01,400035,656.0,526.86,80.31402439024392,92.0,90.0,2.0,0.0666666666666666,519.02,7.840000000000032,0.2613333333333344,5,6,303,1,1,1,Tripura,Energy Storage,Ministry of Petroleum & Natural Gas,Indian Oil Corporation Limited [IOCL],,,1
2025-02-01,400078,9028.0,7290.7,80.75653522374834,89.0,,,,,,,0,1,0,1,1,1,"Multi-States (Gujarat, Haryana, Rajasthan)",Energy Storage,Ministry of Petroleum & Natural Gas,Ministry of Petroleum & Natural Gas,12/2021,,1
2025-07-01,400078,9028.0,7071.08,78.32388125830748,84.0,89.0,-5.0,-0.0333333333333333,7290.7,-219.6199999999999,-1.4641333333333326,1,2,150,1,1,1,"Multi-States (Gujarat, Haryana, Rajasthan)",Energy Storage,Ministry of Petroleum & Natural Gas,Ministry of Petroleum & Natural Gas,,,1
2025-11-01,400078,9028.0,7357.45,81.49590163934425,86.0,86.0,0.0,0.0,7292.34,65.10999999999967,2.100322580645151,4,5,273,1,1,1,"Multi-States (Gujarat, Haryana, Rajasthan)",Energy Storage,Ministry of Petroleum & Natural Gas,Ministry of Petroleum & Natural Gas,,,1
2025-12-01,400078,9028.0,7394.54,81.90673460345592,88.0,86.0,2.0,0.0666666666666666,7357.45,37.09000000000015,1.2363333333333382,5,6,303,1,1,1,"Multi-States (Gujarat, Haryana, Rajasthan)",Energy Storage,Ministry of Petroleum & Natural Gas,Ministry of Petroleum & Natural Gas,,,1
2026-05-01,400078,9028.0,7160.82,79.31789986708019,91.4,88.0,3.4000000000000057,0.0225165562913907,7394.54,-233.72000000000023,-1.5478145695364256,6,7,454,1,1,1,"Multi-States (Gujarat, Haryana, Rajasthan)",Energy Storage,Ministry of Petroleum & Natural Gas,Ministry of Petroleum & Natural Gas,12/2021,,1
2025-02-01,400161,910.56,1073.0,117.8395712528554,99.0,,,,,,,0,1,0,1,1,1,Uttar Pradesh,Oil & Gas,Ministry of Petroleum & Natural Gas,Gas Authority of India Limited [GAIL],03/2019,,1
2025-07-01,400161,910.56,1004.0,110.26181690388331,97.0,99.0,-2.0,-0.0133333333333333,1073.0,-69.0,-0.46,1,2,150,1,1,1,Uttar Pradesh,Oil & Gas,Ministry of Petroleum & Natural Gas,Gas Authority of India Limited [GAIL],,,1
2025-11-01,400161,910.56,1051.0,115.42347566332806,99.0,98.0,1.0,0.032258064516129,1041.0,10.0,0.3225806451612903,4,5,273,1,1,1,Uttar Pradesh,Oil & Gas,Ministry of Petroleum & Natural Gas,Gas Authority of India Limited [GAIL],,,1
2025-07-01,400235,676.89,518.22,76.55896822231087,77.0,,,,,,,0,1,0,1,1,1,Jammu and Kashmir,Energy Storage,Ministry of Petroleum & Natural Gas,Bharat Petroleum Corporation Limited [BPCL],,,1
2025-11-01,400235,676.89,559.45,82.65006130981402,87.0,84.0,3.0,0.0967741935483871,550.45,9.0,0.2903225806451613,3,4,123,1,1,1,Jammu and Kashmir,Energy Storage,Ministry of Petroleum & Natural Gas,Bharat Petroleum Corporation Limited [BPCL],,,1
2025-02-01,400259,17237.8,20967.25,121.63530148858904,94.0,,,,,,,0,1,0,1,1,1,Uttar Pradesh,Electricity Generation,Ministry of Coal,NLC India Limited [NLCIL],07/2016,,1
2025-07-01,400259,17237.8,20135.48,116.8100337630092,92.0,94.0,-2.0,-0.0133333333333333,20967.25,-831.7700000000004,-5.545133333333336,1,2,150,1,1,1,Uttar Pradesh,Electricity Generation,Ministry of Coal,NLC India Limited [NLCIL],,,1
2025-11-01,400259,17237.8,20711.46,120.1514114330135,93.0,93.0,0.0,0.0,20522.3,189.15999999999983,6.101935483870963,4,5,273,1,1,1,Uttar Pradesh,Electricity Generation,Ministry of Coal,NLC India Limited [NLCIL],,,1
2025-12-01,400259,17237.8,20743.86,120.33937045330612,94.0,93.0,1.0,0.0333333333333333,20711.46,32.400000000001455,1.0800000000000485,5,6,303,1,1,1,Uttar Pradesh,Electricity Generation,Ministry of Coal,NLC India Limited [NLCIL],,,1
2025-02-01,607701,412.3,467.7,113.43681785107933,90.0,,,,,,,0,1,0,1,1,1,Assam,Oil & Gas,Ministry of Petroleum & Natural Gas,Ministry of Petroleum & Natural Gas,05/2021,,1
2025-07-01,607701,412.3,430.83,104.49430026679605,84.0,90.0,-6.0,-0.04,467.7,-36.870000000000005,-0.2458,1,2,150,1,1,1,Assam,Oil & Gas,Ministry of Petroleum & Natural Gas,Ministry of Petroleum & Natural Gas,,,1
2025-11-01,607701,412.3,451.05,109.39849624060147,88.0,87.0,1.0,0.032258064516129,445.73,5.319999999999993,0.1716129032258062,4,5,273,1,1,1,Assam,Oil & Gas,Ministry of Petroleum & Natural Gas,Ministry of Petroleum & Natural Gas,,,1
2025-12-01,607701,412.3,458.56,111.2199854474897,89.0,88.0,1.0,0.0333333333333333,451.05,7.509999999999991,0.250333333333333,5,6,303,1,1,1,Assam,Oil & Gas,Ministry of Petroleum & Natural Gas,Ministry of Petroleum & Natural Gas,,,1
2025-07-01,611657,2820.99,2454.26,86.99995391688735,84.0,,,,,,,0,1,0,1,1,1,Gujarat,Transmission & Distribution,Ministry of Power,Power Grid Corporation of India Limited [POWERGRID],,,1
2025-11-01,611657,2820.99,2783.19,98.66004487786203,95.0,93.0,2.0,0.064516129032258,2736.36,46.82999999999993,1.5106451612903202,3,4,123,1,1,1,Gujarat,Transmission & Distribution,Ministry of Power,Power Grid Corporation of India Limited [POWERGRID],,,1
2025-07-01,611937,417.53,223.0,53.40933585610615,86.0,,,,,,,0,1,0,1,1,1,Gujarat,Railways,Ministry of Railways,Western Railway [WR] - II,,,1
2025-02-01,611947,428.3,351.21,82.00093392481904,84.0,,,,,,,0,1,0,1,1,1,Rajasthan,Transmission & Distribution,Ministry of Power,Power Grid Corporation of India Limited [POWERGRID],11/2023,,1
2025-07-01,611947,428.3,107.07,24.998832593976186,46.0,84.0,-38.0,-0.2533333333333333,351.21,-244.14,-1.6276,1,2,150,1,1,1,Rajasthan,Transmission & Distribution,Ministry of Power,Power Grid Corporation of India Limited [POWERGRID],,,1
2025-11-01,611947,428.3,308.38,72.00093392481904,80.0,73.0,7.0,0.2258064516129032,291.24,17.139999999999986,0.5529032258064511,4,5,273,1,1,1,Rajasthan,Transmission & Distribution,Ministry of Power,Power Grid Corporation of India Limited [POWERGRID],,,1
2025-12-01,611947,428.3,334.08,78.00140088722857,82.0,80.0,2.0,0.0666666666666666,308.38,25.69999999999999,0.8566666666666662,5,6,303,1,1,1,Rajasthan,Transmission & Distribution,Ministry of Power,Power Grid Corporation of India Limited [POWERGRID],,,1
2025-02-01,611948,2211.29,2087.01,94.37975118595934,95.0,,,,,,,0,1,0,1,1,1,Rajasthan,Transmission & Distribution,Ministry of Power,Power Grid Corporation of India Limited [POWERGRID],10/2023,,1
2025-07-01,611948,2211.29,1780.53,80.51996798248986,72.0,95.0,-23.0,-0.1533333333333333,2087.01,-306.48000000000025,-2.043200000000001,1,2,150,1,1,1,Rajasthan,Transmission & Distribution,Ministry of Power,Power Grid Corporation of India Limited [POWERGRID],,,1
2025-11-01,611948,2211.29,1975.34,89.32975774321775,92.0,88.0,4.0,0.1290322580645161,1945.93,29.40999999999985,0.9487096774193502,4,5,273,1,1,1,Rajasthan,Transmission & Distribution,Ministry of Power,Power Grid Corporation of India Limited [POWERGRID],,,1
2025-12-01,611948,2211.29,2081.24,94.11881752280344,94.0,92.0,2.0,0.0666666666666666,1975.34,105.89999999999986,3.529999999999996,5,6,303,1,1,1,Rajasthan,Transmission & Distribution,Ministry of Power,Power Grid Corporation of India Limited [POWERGRID],,,1
2025-02-01,611950,2190.54,2139.44,97.66724186730214,99.0,,,,,,,0,1,0,1,1,1,Rajasthan,Transmission & Distribution,Ministry of Power,Power Grid Corporation of India Limited [POWERGRID],09/2023,,1
2025-07-01,611950,2190.54,1740.6,79.45985921279684,77.0,99.0,-22.0,-0.1466666666666666,2139.44,-398.84000000000015,-2.6589333333333345,1,2,150,1,1,1,Rajasthan,Transmission & Distribution,Ministry of Power,Power Grid Corporation of India Limited [POWERGRID],,,1
2025-11-01,611950,2190.54,2000.84,91.34003487724488,96.0,91.0,5.0,0.1612903225806451,1949.58,51.25999999999999,1.653548387096774,4,5,273,1,1,1,Rajasthan,Transmission & Distribution,Ministry of Power,Power Grid Corporation of India Limited [POWERGRID],,,1
2025-02-01,611951,688.74,685.98,99.5992682289398,99.0,,,,,,,0,1,0,1,1,1,Rajasthan,Transmission & Distribution,Ministry of Power,Power Grid Corporation of India Limited [POWERGRID],12/2021,,1
2025-07-01,611951,688.74,585.42,84.99869326596394,93.0,99.0,-6.0,-0.04,685.98,-100.56000000000006,-0.6704000000000004,1,2,150,1,1,1,Rajasthan,Transmission & Distribution,Ministry of Power,Power Grid Corporation of India Limited [POWERGRID],,,1
2025-11-01,611951,688.74,668.0,96.98870401022155,98.0,97.0,1.0,0.032258064516129,654.3,13.700000000000044,0.4419354838709692,4,5,273,1,1,1,Rajasthan,Transmission & Distribution,Ministry of Power,Power Grid Corporation of India Limited [POWERGRID],,,1
2025-02-01,611966,224.41,121.18,53.99937614188316,63.0,,,,,,,0,1,0,1,1,1,Maharashtra,Transmission & Distribution,Ministry of Power,Power Grid Corporation of India Limited [POWERGRID],11/2023,,1
2025-07-01,611966,224.41,22.44,9.9995543870594,9.0,63.0,-54.0,-0.36,121.18,-98.74,-0.6582666666666668,1,2,150,1,1,1,Maharashtra,Transmission & Distribution,Ministry of Power,Power Grid Corporation of India Limited [POWERGRID],,,1
2025-11-01,611966,224.41,89.66,39.95365625417762,44.0,18.0,26.0,0.8387096774193549,33.66,56.0,1.8064516129032255,4,5,273,1,1,1,Maharashtra,Transmission & Distribution,Ministry of Power,Power Grid Corporation of India Limited [POWERGRID],,,1
2025-12-01,611966,224.41,109.96,48.99959894835346,49.0,44.0,5.0,0.1666666666666666,89.66,20.3,0.6766666666666665,5,6,303,1,1,1,Maharashtra,Transmission & Distribution,Ministry of Power,Power Grid Corporation of India Limited [POWERGRID],,,1
2026-05-01,611966,224.41,206.45,91.99679158682768,94.8,49.0,45.8,0.3033112582781457,109.96,96.49,0.6390066225165563,6,7,454,1,1,1,Maharashtra,Transmission & Distribution,Ministry of Power,Power Grid Corporation of India Limited [POWERGRID],11/2023,,1
2025-02-01,611967,1248.69,1102.46,88.28932721492123,93.0,,,,,,,0,1,0,1,1,1,Andhra Pradesh,Transmission & Distribution,Ministry of Power,Power Grid Corporation of India Limited [POWERGRID],09/2023,,1
2025-07-01,611967,1248.69,820.26,65.68964274559738,78.0,93.0,-15.0,-0.1,1102.46,-282.20000000000005,-1.8813333333333335,1,2,150,1,1,1,Andhra Pradesh,Transmission & Distribution,Ministry of Power,Power Grid Corporation of India Limited [POWERGRID],,,1
2025-11-01,611967,1248.69,1023.92,81.99953551321785,90.0,87.0,3.0,0.0967741935483871,998.95,24.969999999999917,0.8054838709677391,4,5,273,1,1,1,Andhra Pradesh,Transmission & Distribution,Ministry of Power,Power Grid Corporation of India Limited [POWERGRID],,,1
2025-12-01,611967,1248.69,1077.61,86.29924160520224,91.0,90.0,1.0,0.0333333333333333,1023.92,53.68999999999994,1.7896666666666647,5,6,303,1,1,1,Andhra Pradesh,Transmission & Distribution,Ministry of Power,Power Grid Corporation of India Limited [POWERGRID],,,1
2025-02-01,612151,334.0,256.07,76.66766467065868,82.0,,,,,,,0,1,0,1,1,1,Gujarat,Transmission & Distribution,Ministry of Power,Power Grid Corporation of India Limited [POWERGRID],07/2023,,1
2025-07-01,612151,334.0,70.44,21.08982035928144,22.0,82.0,-60.0,-0.4,256.07,-185.63,-1.2375333333333334,1,2,150,1,1,1,Gujarat,Transmission & Distribution,Ministry of Power,Power Grid Corporation of India Limited [POWERGRID],,,1
2025-11-01,612151,334.0,207.08,62.0,78.0,36.0,42.0,1.3548387096774193,118.1,88.98000000000002,2.870322580645162,4,5,273,1,1,1,Gujarat,Transmission & Distribution,Ministry of Power,Power Grid Corporation of India Limited [POWERGRID],,,1
2025-02-01,612178,152.95,119.22,77.94704151683557,99.0,,,,,,,0,1,0,1,1,1,Tamil Nadu,Healthcare,Ministry of Labour and Employment,Employee's State Insurance Company [ESIC],02/2015,,1
2025-11-01,612178,152.95,107.83,70.50016345210854,99.0,98.0,1.0,0.032258064516129,107.83,0.0,0.0,2,3,273,1,1,1,Tamil Nadu,Healthcare,Ministry of Labour and Employment,Employee's State Insurance Company [ESIC],,,1
2025-02-01,612188,429.25,323.98,75.47582993593478,74.0,,,,,,,0,1,0,1,1,1,Maharashtra,Healthcare,Ministry of Labour and Employment,Employee's State Insurance Company [ESIC],05/2018,,1
2025-11-01,612188,429.25,282.09,65.71694816540476,70.0,68.0,2.0,0.064516129032258,252.06,30.029999999999973,0.968709677419354,2,3,273,1,1,1,Maharashtra,Healthcare,Ministry of Labour and Employment,Employee's State Insurance Company [ESIC],,,1
2025-12-01,612188,429.25,282.09,65.71694816540476,70.0,70.0,0.0,0.0,282.09,0.0,0.0,3,4,303,1,1,1,Maharashtra,Healthcare,Ministry of Labour and Employment,Employee's State Insurance Company [ESIC],,,1
2025-02-01,612201,143.23,116.08,81.0444739230608,96.0,,,,,,,0,1,0,1,1,1,Assam,Healthcare,Ministry of Labour and Employment,Employee's State Insurance Company [ESIC],12/2017,,1
2025-11-01,612201,143.23,101.83,71.09544089925295,94.0,93.0,1.0,0.032258064516129,101.83,0.0,0.0,2,3,273,1,1,1,Assam,Healthcare,Ministry of Labour and Employment,Employee's State Insurance Company [ESIC],,,1
2025-12-01,612201,143.23,116.08,81.0444739230608,96.0,94.0,2.0,0.0666666666666666,101.83,14.25,0.475,3,4,303,1,1,1,Assam,Healthcare,Ministry of Labour and Employment,Employee's State Insurance Company [ESIC],,,1
2025-02-01,612819,1813.0,1752.16,96.64423607280752,100.0,,,,,,,0,1,0,1,1,1,Rajasthan,Electricity Generation,Ministry of Coal,NLC India Limited [NLCIL],07/2022,,1
2025-07-01,612819,1813.0,769.57,42.44732487589631,68.0,100.0,-32.0,-0.2133333333333333,1752.16,-982.59,-6.5506,1,2,150,1,1,1,Rajasthan,Electricity Generation,Ministry of Coal,NLC India Limited [NLCIL],,,1
2025-11-01,612819,1813.0,1393.34,76.8527302813017,86.0,85.0,1.0,0.032258064516129,1167.4,225.93999999999983,7.288387096774188,4,5,273,1,1,1,Rajasthan,Electricity Generation,Ministry of Coal,NLC India Limited [NLCIL],,,1
2025-12-01,612819,1813.0,1627.06,89.74407060121345,93.0,86.0,7.0,0.2333333333333333,1393.34,233.72000000000003,7.7906666666666675,5,6,303,1,1,1,Rajasthan,Electricity Generation,Ministry of Coal,NLC India Limited [NLCIL],,,1
2025-02-01,615327,218.03,166.55,76.38857038022292,100.0,,,,,,,0,1,0,1,1,1,Tamil Nadu,Electricity Generation,Ministry of Coal,NLC India Limited [NLCIL],08/2023,,1
2025-07-01,615327,218.03,160.93,73.81094344814933,46.0,100.0,-54.0,-0.36,166.55,-5.6200000000000045,-0.0374666666666667,1,2,150,1,1,1,Tamil Nadu,Electricity Generation,Ministry of Coal,NLC India Limited [NLCIL],,,1
2025-11-01,615327,218.03,164.7,75.5400632940421,75.0,69.0,6.0,0.1935483870967742,164.7,0.0,0.0,4,5,273,1,1,1,Tamil Nadu,Electricity Generation,Ministry of Coal,NLC India Limited [NLCIL],,,1
2025-12-01,615327,218.03,165.5,75.90698527725543,85.0,75.0,10.0,0.3333333333333333,164.7,0.8000000000000114,0.026666666666667,5,6,303,1,1,1,Tamil Nadu,Electricity Generation,Ministry of Coal,NLC India Limited [NLCIL],,,1
2025-02-01,616235,240.0,146.17,60.90416666666666,91.0,,,,,,,0,1,0,1,1,1,Andhra Pradesh,Energy Storage,Ministry of Petroleum & Natural Gas,Ministry of Petroleum & Natural Gas,08/2024,,0
2025-07-01,616235,240.0,31.23,13.0125,50.0,91.0,-41.0,-0.2733333333333333,146.17,-114.93999999999998,-0.7662666666666665,1,2,150,1,1,1,Andhra Pradesh,Energy Storage,Ministry of Petroleum & Natural Gas,Ministry of Petroleum & Natural Gas,,,0
2025-11-01,616235,240.0,72.26,30.108333333333334,83.0,77.0,6.0,0.1935483870967742,61.94,10.320000000000007,0.3329032258064519,4,5,273,1,1,1,Andhra Pradesh,Energy Storage,Ministry of Petroleum & Natural Gas,Ministry of Petroleum & Natural Gas,,,0
2025-02-01,617253,513.82,381.45,74.23806002101902,84.0,,,,,,,0,1,0,1,1,1,Jharkhand,Steel,Ministry of Steel,Steel Authority of India Limited [SAIL],08/2023,,1
2025-07-01,617253,513.82,220.42,42.89829123039196,69.0,84.0,-15.0,-0.1,381.45,-161.03,-1.0735333333333337,1,2,150,1,1,1,Jharkhand,Steel,Ministry of Steel,Steel Authority of India Limited [SAIL],,,1
2025-11-01,617253,513.82,310.02,60.33630454244676,76.0,74.0,2.0,0.064516129032258,257.89,52.13,1.6816129032258065,4,5,273,1,1,1,Jharkhand,Steel,Ministry of Steel,Steel Authority of India Limited [SAIL],,,1
2025-12-01,617253,513.82,338.22,65.82460783932116,76.0,76.0,0.0,0.0,310.02,28.200000000000045,0.9400000000000016,5,6,303,1,1,1,Jharkhand,Steel,Ministry of Steel,Steel Authority of India Limited [SAIL],,,1
2025-02-01,617887,379.23,179.08,47.222002478706855,98.0,,,,,,,0,1,0,1,1,1,Rajasthan,Roads & Highways,Ministry of Road Transport & Highways,MoRTH,12/2020,,1
2025-02-01,617891,186.29,66.7,35.80439100327447,100.0,,,,,,,0,1,0,1,1,1,Rajasthan,Roads & Highways,Ministry of Road Transport & Highways,MoRTH,03/2022,,1
2025-02-01,617900,150.11,12.2,8.12737325960962,97.0,,,,,,,0,1,0,1,1,1,Rajasthan,Roads & Highways,Ministry of Road Transport & Highways,MoRTH,12/2021,,1
2025-12-01,617900,150.11,12.2,8.12737325960962,97.0,97.0,0.0,0.0,12.2,0.0,0.0,1,2,303,1,1,1,Rajasthan,Roads & Highways,Ministry of Road Transport & Highways,MoRTH,,,1
2025-02-01,617907,436.09,207.05,47.47873145451628,89.0,,,,,,,0,1,0,1,1,1,Andhra Pradesh,Roads & Highways,Ministry of Road Transport & Highways,MoRTH,12/2021,,1
2025-12-01,617907,436.09,207.05,47.47873145451628,89.0,89.0,0.0,0.0,207.05,0.0,0.0,1,2,303,1,1,1,Andhra Pradesh,Roads & Highways,Ministry of Road Transport & Highways,MoRTH,,,1
2025-02-01,617915,329.14,0.0,0.0,93.0,,,,,,,0,1,0,1,1,1,Madhya Pradesh,Roads & Highways,Ministry of Road Transport & Highways,MoRTH,01/2022,,1
2025-12-01,617915,329.14,0.0,0.0,0.0,93.0,-93.0,-0.3069306930693069,0.0,0.0,0.0,1,2,303,1,1,1,Madhya Pradesh,Roads & Highways,Ministry of Road Transport & Highways,MoRTH,,,1
2025-02-01,617924,300.33,78.14,26.01804681516998,90.0,,,,,,,0,1,0,1,1,1,Odisha,Roads & Highways,Ministry of Road Transport & Highways,MoRTH,01/2022,,1
2025-12-01,617924,300.33,78.14,26.01804681516998,68.0,90.0,-22.0,-0.0726072607260726,78.14,0.0,0.0,1,2,303,1,1,1,Odisha,Roads & Highways,Ministry of Road Transport & Highways,MoRTH,,,1
2025-02-01,617954,398.48,179.01,44.92320819112627,86.0,,,,,,,0,1,0,1,1,1,Karnataka,Roads & Highways,Ministry of Road Transport & Highways,MoRTH,03/2022,,1
2025-02-01,617959,477.54,311.39,65.2071030698999,95.0,,,,,,,0,1,0,1,1,1,Bihar,Roads & Highways,Ministry of Road Transport & Highways,MoRTH,03/2021,,1
2025-02-01,617975,237.79,50.38,21.18676142815089,100.0,,,,,,,0,1,0,1,1,1,Uttarakhand,Roads & Highways,Ministry of Road Transport & Highways,MoRTH,03/2017,,1
2025-12-01,617975,237.79,50.38,21.18676142815089,100.0,100.0,0.0,0.0,50.38,0.0,0.0,1,2,303,1,1,1,Uttarakhand,Roads & Highways,Ministry of Road Transport & Highways,MoRTH,,,1
2025-02-01,617990,242.0,78.49,32.43388429752066,95.0,,,,,,,0,1,0,1,1,1,Andhra Pradesh,Roads & Highways,Ministry of Road Transport & Highways,MoRTH,03/2023,,0
2025-02-01,617992,322.81,43.78,13.562157306155322,98.0,,,,,,,0,1,0,1,1,1,Telangana,Roads & Highways,Ministry of Road Transport & Highways,MoRTH,03/2018,,1
2025-12-01,617992,322.81,43.78,13.562157306155322,0.0,98.0,-98.0,-0.3234323432343234,43.78,0.0,0.0,1,2,303,1,1,1,Telangana,Roads & Highways,Ministry of Road Transport & Highways,MoRTH,,,1
2025-02-01,618002,192.93,99.65,51.65085782408128,0.0,,,,,,,0,1,0,1,1,1,Nagaland,Roads & Highways,Ministry of Road Transport & Highways,MoRTH,02/2021,,1
2025-02-01,618026,605.08,0.0,0.0,99.0,,,,,,,0,1,0,1,1,1,Telangana,Roads & Highways,Ministry of Road Transport & Highways,MoRTH,06/2017,,1
2025-02-01,618045,179.18,71.77,40.05469360419689,67.0,,,,,,,0,1,0,1,1,1,Madhya Pradesh,Roads & Highways,Ministry of Road Transport & Highways,MoRTH,03/2022,,1
2025-02-01,618050,345.89,146.64,42.39498106334384,98.0,,,,,,,0,1,0,1,1,1,Himachal Pradesh,Roads & Highways,Ministry of Road Transport & Highways,MoRTH,08/2020,,1
2025-02-01,618051,242.8,74.87,30.836079077429986,98.0,,,,,,,0,1,0,1,1,1,Himachal Pradesh,Roads & Highways,Ministry of Road Transport & Highways,MoRTH,04/2020,,1
2025-02-01,618064,278.97,201.05,72.06868122020289,90.0,,,,,,,0,1,0,1,1,1,Chhattisgarh,Roads & Highways,Ministry of Road Transport & Highways,MoRTH,03/2020,,1
2025-02-01,618078,193.16,56.27,29.131290122178505,85.0,,,,,,,0,1,0,1,1,1,Chhattisgarh,Roads & Highways,Ministry of Road Transport & Highways,MoRTH,12/2020,,1
2025-02-01,618110,307.11,125.88,40.98857087037218,0.0,,,,,,,0,1,0,1,1,1,Uttar Pradesh,Roads & Highways,Ministry of Road Transport & Highways,MoRTH,11/2021,,1
2025-02-01,618118,174.34,63.51,36.4288172536423,90.0,,,,,,,0,1,0,1,1,1,Rajasthan,Roads & Highways,Ministry of Road Transport & Highways,MoRTH,03/2022,,1
2025-02-01,618136,224.44,0.0,0.0,87.0,,,,,,,0,1,0,1,1,1,Maharashtra,Roads & Highways,Ministry of Road Transport & Highways,MoRTH,03/2021,,1
2025-02-01,618145,568.12,289.47,50.95226360628037,92.0,,,,,,,0,1,0,1,1,1,Andhra Pradesh,Roads & Highways,Ministry of Road Transport & Highways,MoRTH,03/2022,,1
2025-12-01,618145,568.12,289.47,50.95226360628037,92.0,92.0,0.0,0.0,289.47,0.0,0.0,1,2,303,1,1,1,Andhra Pradesh,Roads & Highways,Ministry of Road Transport & Highways,MoRTH,,,1
2025-02-01,618161,839.98,360.45,42.91173599371413,99.0,,,,,,,0,1,0,1,1,1,Andhra Pradesh,Roads & Highways,Ministry of Road Transport & Highways,MoRTH,03/2022,,1
2025-12-01,618161,839.98,360.45,42.91173599371413,99.0,99.0,0.0,0.0,360.45,0.0,0.0,1,2,303,1,1,1,Andhra Pradesh,Roads & Highways,Ministry of Road Transport & Highways,MoRTH,,,1
2025-02-01,618175,428.8,0.0,0.0,62.0,,,,,,,0,1,0,1,1,1,Maharashtra,Roads & Highways,Ministry of Road Transport & Highways,MoRTH,03/2022,,1
2025-12-01,618175,428.8,0.0,0.0,62.0,62.0,0.0,0.0,0.0,0.0,0.0,1,2,303,1,1,1,Maharashtra,Roads & Highways,Ministry of Road Transport & Highways,MoRTH,,,1
2025-02-01,618191,403.22,220.99,54.80630921085263,97.0,,,,,,,0,1,0,1,1,1,Andhra Pradesh,Roads & Highways,Ministry of Road Transport & Highways,MoRTH,01/2022,,1
2025-12-01,618191,403.22,220.99,54.80630921085263,97.0,97.0,0.0,0.0,220.99,0.0,0.0,1,2,303,1,1,1,Andhra Pradesh,Roads & Highways,Ministry of Road Transport & Highways,MoRTH,,,1
2025-02-01,618237,263.45,151.56,57.528942873410514,98.0,,,,,,,0,1,0,1,1,1,Andhra Pradesh,Roads & Highways,Ministry of Road Transport & Highways,MoRTH,03/2017,,1
2025-12-01,618237,263.45,151.56,57.528942873410514,98.0,98.0,0.0,0.0,151.56,0.0,0.0,1,2,303,1,1,1,Andhra Pradesh,Roads & Highways,Ministry of Road Transport & Highways,MoRTH,,,1
2025-02-01,618258,296.66,237.52,80.0647205555181,91.0,,,,,,,0,1,0,1,1,1,Andhra Pradesh,Roads & Highways,Ministry of Road Transport & Highways,MoRTH,08/2020,,1
2025-02-01,618259,222.61,122.52,55.03795876196037,100.0,,,,,,,0,1,0,1,1,1,Andhra Pradesh,Roads & Highways,Ministry of Road Transport & Highways,MoRTH,08/2020,,1
2025-02-01,618327,625.64,0.0,0.0,0.0,,,,,,,0,1,0,1,1,1,Assam,Roads & Highways,Ministry of Road Transport & Highways,NHIDCL,09/2021,,1
2025-02-01,618329,819.39,0.0,0.0,0.0,,,,,,,0,1,0,1,1,1,Nagaland,Roads & Highways,Ministry of Road Transport & Highways,NHIDCL,02/2017,,1
2025-02-01,618330,511.02,647.2,126.64866345739894,100.0,,,,,,,0,1,0,1,1,1,Assam,Roads & Highways,Ministry of Road Transport & Highways,NHIDCL,03/2018,,1
2025-02-01,618341,523.78,394.29,75.27778838443622,95.0,,,,,,,0,1,0,1,1,1,Mizoram,Roads & Highways,Ministry of Road Transport & Highways,NHIDCL,09/2021,,1
2025-02-01,618372,909.02,0.0,0.0,100.0,,,,,,,0,1,0,1,1,1,Assam,Roads & Highways,Ministry of Road Transport & Highways,NHIDCL,03/2022,,1
2025-02-01,618381,768.76,168.78,21.95483635985223,98.0,,,,,,,0,1,0,1,1,1,Mizoram,Roads & Highways,Ministry of Road Transport & Highways,NHIDCL,09/2019,,1
2025-02-01,618382,605.76,0.01,0.0016508188061278,100.0,,,,,,,0,1,0,1,1,1,Mizoram,Roads & Highways,Ministry of Road Transport & Highways,NHIDCL,09/2019,,1
2025-02-01,618384,899.45,191.59,21.300794930235146,99.0,,,,,,,0,1,0,1,1,1,Mizoram,Roads & Highways,Ministry of Road Transport & Highways,NHIDCL,09/2019,,1
2025-02-01,618424,256.66,0.0,0.0,93.0,,,,,,,0,1,0,1,1,1,Arunachal Pradesh,Roads & Highways,Ministry of Road Transport & Highways,NHIDCL,01/2017,,1
2025-02-01,618456,1119.35,975.7,87.16665922186985,99.0,,,,,,,0,1,0,1,1,1,Rajasthan,Roads & Highways,Ministry of Road Transport & Highways,National Highways Authority of India [NHAI],11/2019,,1
2025-02-01,618460,1263.38,864.08,68.39430733429371,96.0,,,,,,,0,1,0,1,1,1,Gujarat,Roads & Highways,Ministry of Road Transport & Highways,National Highways Authority of India [NHAI],09/2020,,1
2025-12-01,618460,1263.38,860.42,68.10460827304532,96.0,96.0,0.0,0.0,864.08,-3.660000000000082,-0.0120792079207923,1,2,303,1,1,1,Gujarat,Roads & Highways,Ministry of Road Transport & Highways,National Highways Authority of India [NHAI],,,1
2025-02-01,618465,1710.3,2152.35,125.8463427468865,97.0,,,,,,,0,1,0,1,1,1,Gujarat,Roads & Highways,Ministry of Road Transport & Highways,National Highways Authority of India [NHAI],07/2020,,1
2025-12-01,618465,1710.3,2152.35,125.8463427468865,52.0,97.0,-45.0,-0.1485148514851485,2152.35,0.0,0.0,1,2,303,1,1,1,Gujarat,Roads & Highways,Ministry of Road Transport & Highways,National Highways Authority of India [NHAI],,,1
2025-02-01,618468,1524.71,813.23,53.33670009378832,99.0,,,,,,,0,1,0,1,1,1,Maharashtra,Roads & Highways,Ministry of Road Transport & Highways,National Highways Authority of India [NHAI],06/2020,,1
2025-12-01,618468,1524.71,813.07,53.32620629496757,99.0,99.0,0.0,0.0,813.23,-0.1599999999999681,-0.0005280528052804,1,2,303,1,1,1,Maharashtra,Roads & Highways,Ministry of Road Transport & Highways,National Highways Authority of India [NHAI],,,1
2025-02-01,618484,1606.27,631.62,39.32215629999938,79.0,,,,,,,0,1,0,1,1,1,Haryana,Roads & Highways,Ministry of Road Transport & Highways,National Highways Authority of India [NHAI],12/2020,,1
2025-02-01,618485,1306.95,563.2,43.092696736677,76.0,,,,,,,0,1,0,1,1,1,Haryana,Roads & Highways,Ministry of Road Transport & Highways,National Highways Authority of India [NHAI],01/2021,,1
2025-02-01,618487,1759.82,1230.42,69.91737791365027,95.0,,,,,,,0,1,0,1,1,1,Punjab,Roads & Highways,Ministry of Road Transport & Highways,National Highways Authority of India [NHAI],12/2020,,1
2025-12-01,618487,1759.82,1217.21,69.1667329613256,95.0,95.0,0.0,0.0,1230.42,-13.210000000000036,-0.0435973597359737,1,2,303,1,1,1,Punjab,Roads & Highways,Ministry of Road Transport & Highways,National Highways Authority of India [NHAI],,,1
2025-02-01,618498,2471.56,1178.77,47.69335965948632,99.0,,,,,,,0,1,0,1,1,1,Uttar Pradesh,Roads & Highways,Ministry of Road Transport & Highways,National Highways Authority of India [NHAI],12/2021,,1
2025-12-01,618498,2471.56,1162.84,47.04882746119859,87.0,99.0,-12.0,-0.0396039603960396,1178.77,-15.930000000000064,-0.0525742574257427,1,2,303,1,1,1,Uttar Pradesh,Roads & Highways,Ministry of Road Transport & Highways,National Highways Authority of India [NHAI],,,1
2025-02-01,618501,1298.0,1005.12,77.43605546995379,99.0,,,,,,,0,1,0,1,1,1,Gujarat,Roads & Highways,Ministry of Road Transport & Highways,National Highways Authority of India [NHAI],05/2020,,1
2025-12-01,618501,1298.0,994.98,76.65485362095532,99.0,99.0,0.0,0.0,1005.12,-10.139999999999986,-0.0334653465346534,1,2,303,1,1,1,Gujarat,Roads & Highways,Ministry of Road Transport & Highways,National Highways Authority of India [NHAI],,,1
2025-02-01,618502,1415.34,997.08,70.44809021153928,99.0,,,,,,,0,1,0,1,1,1,Gujarat,Roads & Highways,Ministry of Road Transport & Highways,National Highways Authority of India [NHAI],05/2020,,1
2025-12-01,618502,1415.34,982.57,69.42289485212034,99.0,99.0,0.0,0.0,997.08,-14.509999999999993,-0.0478877887788778,1,2,303,1,1,1,Gujarat,Roads & Highways,Ministry of Road Transport & Highways,National Highways Authority of India [NHAI],,,1
2025-02-01,618515,1479.3,1135.84,76.7822618806192,97.0,,,,,,,0,1,0,1,1,1,"Multi-States (Karnataka, Maharashtra)",Roads & Highways,Ministry of Road Transport & Highways,National Highways Authority of India [NHAI],11/2021,,1
2025-12-01,618515,1479.3,1110.53,75.0713175150409,95.0,97.0,-2.0,-0.0066006600660066,1135.84,-25.309999999999945,-0.0835313531353133,1,2,303,1,1,1,"Multi-States (Karnataka, Maharashtra)",Roads & Highways,Ministry of Road Transport & Highways,National Highways Authority of India [NHAI],,,1
2025-02-01,618527,1194.57,683.12,57.18543074076865,98.0,,,,,,,0,1,0,1,1,1,Andhra Pradesh,Roads & Highways,Ministry of Road Transport & Highways,National Highways Authority of India [NHAI],01/2020,,1
2025-12-01,618527,1194.57,683.06,57.18040801292516,97.0,98.0,-1.0,-0.0033003300330033,683.12,-0.0600000000000591,-0.0001980198019803,1,2,303,1,1,1,Andhra Pradesh,Roads & Highways,Ministry of Road Transport & Highways,National Highways Authority of India [NHAI],,,1
2025-02-01,618532,1822.46,571.97,31.384502266167708,92.0,,,,,,,0,1,0,1,1,1,"Multi-States (Bihar, Jharkhand)",Roads & Highways,Ministry of Road Transport & Highways,National Highways Authority of India [NHAI],06/2021,,1
2025-12-01,618532,1822.46,565.91,31.051984680047845,92.0,92.0,0.0,0.0,571.97,-6.060000000000059,-0.0200000000000001,1,2,303,1,1,1,"Multi-States (Bihar, Jharkhand)",Roads & Highways,Ministry of Road Transport & Highways,National Highways Authority of India [NHAI],,,1
2025-02-01,618553,957.62,757.89,79.1430838954909,99.0,,,,,,,0,1,0,1,1,1,Uttar Pradesh,Roads & Highways,Ministry of Road Transport & Highways,National Highways Authority of India [NHAI],01/2022,,1
2025-12-01,618553,957.62,757.89,79.1430838954909,99.0,99.0,0.0,0.0,757.89,0.0,0.0,1,2,303,1,1,1,Uttar Pradesh,Roads & Highways,Ministry of Road Transport & Highways,National Highways Authority of India [NHAI],,,1
2025-02-01,618555,1097.81,26.22,2.3883914338546743,97.0,,,,,,,0,1,0,1,1,1,Maharashtra,Roads & Highways,Ministry of Road Transport & Highways,National Highways Authority of India [NHAI],12/2015,,1
2025-02-01,618565,526.45,259.66,49.32282268021655,81.0,,,,,,,0,1,0,1,1,1,Uttar Pradesh,Roads & Highways,Ministry of Road Transport & Highways,NHAI,03/2023,,1
2025-02-01,618570,325.57,223.75,68.72561968240318,99.0,,,,,,,0,1,0,1,1,1,Bihar,Roads & Highways,Ministry of Road Transport & Highways,National Highways Authority of India [NHAI],10/2021,,1
2025-02-01,618578,1467.44,1349.87,91.98808809900233,96.0,,,,,,,0,1,0,1,1,1,Delhi,Roads & Highways,Ministry of Road Transport & Highways,National Highways Authority of India [NHAI],07/2020,,1
2025-12-01,618578,1467.44,1349.78,91.98195496919806,95.0,96.0,-1.0,-0.0033003300330033,1349.87,-0.0899999999999181,-0.00029702970297,1,2,303,1,1,1,Delhi,Roads & Highways,Ministry of Road Transport & Highways,National Highways Authority of India [NHAI],,,1
2025-02-01,618665,790.78,436.14,55.15313993778295,83.0,,,,,,,0,1,0,1,1,1,Madhya Pradesh,Roads & Highways,Ministry of Road Transport & Highways,National Highways Authority of India [NHAI],03/2021,,1
2025-12-01,618665,790.78,411.38,52.02205417435949,75.0,83.0,-8.0,-0.0264026402640264,436.14,-24.75999999999999,-0.0817161716171616,1,2,303,1,1,1,Madhya Pradesh,Roads & Highways,Ministry of Road Transport & Highways,National Highways Authority of India [NHAI],,,1
2025-02-01,618676,477.76,297.95,62.36394842598795,99.0,,,,,,,0,1,0,1,1,1,"Multi-States (Chhattisgarh, Odisha)",Roads & Highways,Ministry of Road Transport & Highways,National Highways Authority of India [NHAI],02/2021,,1
2025-12-01,618676,477.76,276.9,57.95797052913596,99.0,99.0,0.0,0.0,297.95,-21.05000000000001,-0.0694719471947195,1,2,303,1,1,1,"Multi-States (Chhattisgarh, Odisha)",Roads & Highways,Ministry of Road Transport & Highways,National Highways Authority of India [NHAI],,,1
2025-02-01,618695,1146.22,566.31,49.40674565092216,93.0,,,,,,,0,1,0,1,1,1,Madhya Pradesh,Roads & Highways,Ministry of Road Transport & Highways,National Highways Authority of India [NHAI],01/2020,,1
2025-12-01,618695,1146.22,386.74,33.74046867093577,78.0,93.0,-15.0,-0.0495049504950495,566.31,-179.56999999999994,-0.5926402640264025,1,2,303,1,1,1,Madhya Pradesh,Roads & Highways,Ministry of Road Transport & Highways,National Highways Authority of India [NHAI],,,1
2025-02-01,618701,178.18,142.2,79.8069368054776,57.0,,,,,,,0,1,0,1,1,1,Madhya Pradesh,Roads & Highways,Ministry of Road Transport & Highways,National Highways Authority of India [NHAI],01/2021,,1
2025-02-01,618745,1317.6,919.36,69.77534911961142,99.0,,,,,,,0,1,0,1,1,1,Tamil Nadu,Roads & Highways,Ministry of Road Transport & Highways,National Highways Authority of India [NHAI],02/2022,,1
2025-12-01,618745,1317.6,917.08,69.60230722525806,99.0,99.0,0.0,0.0,919.36,-2.2799999999999727,-0.0075247524752474,1,2,303,1,1,1,Tamil Nadu,Roads & Highways,Ministry of Road Transport & Highways,National Highways Authority of India [NHAI],,,1
2025-02-01,618748,569.37,322.23,56.594130354602456,100.0,,,,,,,0,1,0,1,1,1,Andhra Pradesh,Roads & Highways,Ministry of Road Transport & Highways,National Highways Authority of India [NHAI],11/2020,,1
2025-12-01,618748,569.37,322.19,56.58710504592796,94.0,100.0,-6.0,-0.0198019801980198,322.23,-0.0400000000000204,-0.0001320132013201,1,2,303,1,1,1,Andhra Pradesh,Roads & Highways,Ministry of Road Transport & Highways,National Highways Authority of India [NHAI],,,1
2025-02-01,618749,711.94,376.2,52.8415315897407,95.0,,,,,,,0,1,0,1,1,1,Andhra Pradesh,Roads & Highways,Ministry of Road Transport & Highways,National Highways Authority of India [NHAI],12/2020,,1
2025-12-01,618749,711.94,376.11,52.82889007500632,88.0,95.0,-7.0,-0.0231023102310231,376.2,-0.0899999999999749,-0.0002970297029702,1,2,303,1,1,1,Andhra Pradesh,Roads & Highways,Ministry of Road Transport & Highways,National Highways Authority of India [NHAI],,,1
2025-02-01,618760,646.42,549.19,84.95869558491384,98.0,,,,,,,0,1,0,1,1,1,"Multi-States (Haryana, Punjab)",Roads & Highways,Ministry of Road Transport & Highways,National Highways Authority of India [NHAI],11/2021,,1
2025-12-01,618760,646.42,549.18,84.9571486030754,95.0,98.0,-3.0,-0.0099009900990099,549.19,-0.0100000000001045,-3.300330033037819e-05,1,2,303,1,1,1,"Multi-States (Haryana, Punjab)",Roads & Highways,Ministry of Road Transport & Highways,National Highways Authority of India [NHAI],,,1
2025-02-01,618770,516.16,232.93,45.12747985120893,74.0,,,,,,,0,1,0,1,1,1,Uttar Pradesh,Roads & Highways,Ministry of Road Transport & Highways,National Highways Authority of India [NHAI],10/2021,,1
2025-02-01,618771,1924.75,947.5,49.22717236004676,98.0,,,,,,,0,1,0,1,1,1,"Multi-States (Andhra Pradesh, Tamil Nadu)",Roads & Highways,Ministry of Road Transport & Highways,National Highways Authority of India [NHAI],02/2021,,1
2025-12-01,618771,1924.75,922.92,47.95012339264839,98.0,98.0,0.0,0.0,947.5,-24.58000000000004,-0.0811221122112212,1,2,303,1,1,1,"Multi-States (Andhra Pradesh, Tamil Nadu)",Roads & Highways,Ministry of Road Transport & Highways,National Highways Authority of India [NHAI],,,1
2025-02-01,618774,984.63,798.12,81.05785929740105,100.0,,,,,,,0,1,0,1,1,1,Bihar,Roads & Highways,Ministry of Road Transport & Highways,National Highways Authority of India [NHAI],08/2020,,1
2025-02-01,618779,1505.0,305.2,20.27906976744186,96.0,,,,,,,0,1,0,1,1,1,Bihar,Roads & Highways,Ministry of Road Transport & Highways,NHAI,09/2022,,1
2025-02-01,618828,1436.49,826.62,57.54443121775997,92.0,,,,,,,0,1,0,1,1,1,"Multi-States (Jharkhand, Uttar Pradesh)",Roads & Highways,Ministry of Road Transport & Highways,National Highways Authority of India [NHAI],03/2022,,1
2025-12-01,618828,1436.49,826.55,57.539558228738095,90.0,92.0,-2.0,-0.0066006600660066,826.62,-0.07000000000005,-0.0002310231023103,1,2,303,1,1,1,"Multi-States (Jharkhand, Uttar Pradesh)",Roads & Highways,Ministry of Road Transport & Highways,National Highways Authority of India [NHAI],,,1
2025-02-01,618829,1129.48,527.11,46.66837836880688,93.0,,,,,,,0,1,0,1,1,1,Jharkhand,Roads & Highways,Ministry of Road Transport & Highways,National Highways Authority of India [NHAI],09/2020,,1
2025-02-01,618833,894.01,445.94,49.88087381572913,98.0,,,,,,,0,1,0,1,1,1,Gujarat,Roads & Highways,Ministry of Road Transport & Highways,National Highways Authority of India [NHAI],,,1
2025-12-01,618833,894.01,439.5,49.16052393149965,98.0,98.0,0.0,0.0,445.94,-6.439999999999998,-0.0212541254125412,1,2,303,1,1,1,Gujarat,Roads & Highways,Ministry of Road Transport & Highways,National Highways Authority of India [NHAI],,,1
2025-02-01,618834,162.73,162.0,99.55140416641063,100.0,,,,,,,0,1,0,1,1,1,Gujarat,Roads & Highways,Ministry of Road Transport & Highways,National Highways Authority of India [NHAI],03/2022,,1
2025-02-01,618839,1309.47,805.51,61.51420040168924,100.0,,,,,,,0,1,0,1,1,1,Bihar,Roads & Highways,Ministry of Road Transport & Highways,National Highways Authority of India [NHAI],,,1
2025-12-01,618839,1309.47,796.99,60.8635554842799,100.0,100.0,0.0,0.0,805.51,-8.519999999999982,-0.028118811881188,1,2,303,1,1,1,Bihar,Roads & Highways,Ministry of Road Transport & Highways,National Highways Authority of India [NHAI],,,1
2025-02-01,618849,444.21,394.57,88.82510524301568,100.0,,,,,,,0,1,0,1,1,1,Chhattisgarh,Roads & Highways,Ministry of Road Transport & Highways,National Highways Authority of India [NHAI],05/2022,,1
2025-12-01,618849,444.21,394.5,88.80934693050585,100.0,100.0,0.0,0.0,394.57,-0.0699999999999931,-0.0002310231023102,1,2,303,1,1,1,Chhattisgarh,Roads & Highways,Ministry of Road Transport & Highways,National Highways Authority of India [NHAI],,,1
2025-02-01,618854,706.41,515.53,72.97886496510525,97.0,,,,,,,0,1,0,1,1,1,Uttar Pradesh,Roads & Highways,Ministry of Road Transport & Highways,National Highways Authority of India [NHAI],02/2021,,1
2025-02-01,618855,838.68,560.31,66.80855630276147,99.0,,,,,,,0,1,0,1,1,1,Uttar Pradesh,Roads & Highways,Ministry of Road Transport & Highways,National Highways Authority of India [NHAI],03/2022,,1
2025-12-01,618855,838.68,556.76,66.38527209424335,99.0,99.0,0.0,0.0,560.31,-3.5499999999999545,-0.0117161716171615,1,2,303,1,1,1,Uttar Pradesh,Roads & Highways,Ministry of Road Transport & Highways,National Highways Authority of India [NHAI],,,1
2025-02-01,618864,1722.11,1001.58,58.16004784827915,99.0,,,,,,,0,1,0,1,1,1,Uttar Pradesh,Roads & Highways,Ministry of Road Transport & Highways,National Highways Authority of India [NHAI],01/2022,,1
2025-12-01,618864,1722.11,1000.51,58.09791476734936,99.0,99.0,0.0,0.0,1001.58,-1.07000000000005,-0.0035313531353136,1,2,303,1,1,1,Uttar Pradesh,Roads & Highways,Ministry of Road Transport & Highways,National Highways Authority of India [NHAI],,,1
2025-02-01,618865,1384.79,823.04,59.43428245437936,99.0,,,,,,,0,1,0,1,1,1,Uttar Pradesh,Roads & Highways,Ministry of Road Transport & Highways,National Highways Authority of India [NHAI],12/2021,,1
2025-02-01,618897,2356.19,1011.27,42.91971360543928,100.0,,,,,,,0,1,0,1,1,1,Tamil Nadu,Roads & Highways,Ministry of Road Transport & Highways,National Highways Authority of India [NHAI],,,1
2025-02-01,618913,609.63,114.77,18.82617325262864,96.0,,,,,,,0,1,0,1,1,1,Odisha,Roads & Highways,Ministry of Road Transport & Highways,National Highways Authority of India [NHAI],10/2017,,1
2025-02-01,618915,1637.29,728.91,44.51929713123515,89.0,,,,,,,0,1,0,1,1,1,Bihar,Roads & Highways,Ministry of Road Transport & Highways,National Highways Authority of India [NHAI],09/2019,,1
2025-02-01,618916,1077.46,774.78,71.90800586564698,92.0,,,,,,,0,1,0,1,1,1,Bihar,Roads & Highways,Ministry of Road Transport & Highways,National Highways Authority of India [NHAI],09/2019,,1
2025-02-01,618919,887.28,374.39,42.19524839960328,99.0,,,,,,,0,1,0,1,1,1,Andhra Pradesh,Roads & Highways,Ministry of Road Transport & Highways,National Highways Authority of India [NHAI],03/2023,,0
2025-02-01,618935,1183.7,452.04,38.188730252597786,100.0,,,,,,,0,1,0,1,1,1,"Multi-States (Haryana, Punjab)",Roads & Highways,Ministry of Road Transport & Highways,National Highways Authority of India [NHAI],10/2022,,1
2025-12-01,618935,1183.7,450.53,38.061164146320856,99.0,100.0,-1.0,-0.0033003300330033,452.04,-1.5100000000000475,-0.0049834983498351,1,2,303,1,1,1,"Multi-States (Haryana, Punjab)",Roads & Highways,Ministry of Road Transport & Highways,National Highways Authority of India [NHAI],,,1
2025-02-01,618938,1013.33,546.55,53.93603268431804,100.0,,,,,,,0,1,0,1,1,1,"Multi-States (Maharashtra, Telangana)",Roads & Highways,Ministry of Road Transport & Highways,National Highways Authority of India [NHAI],03/2022,,1
2025-12-01,618938,1013.33,546.48,53.92912476685778,89.0,100.0,-11.0,-0.0363036303630363,546.55,-0.0699999999999363,-0.00023102310231,1,2,303,1,1,1,"Multi-States (Maharashtra, Telangana)",Roads & Highways,Ministry of Road Transport & Highways,National Highways Authority of India [NHAI],,,1
2025-02-01,618943,861.23,18.25,2.119062271402529,100.0,,,,,,,0,1,0,1,1,1,Tamil Nadu,Roads & Highways,Ministry of Road Transport & Highways,National Highways Authority of India [NHAI],,,1
2025-02-01,618946,1479.72,866.61,58.56580974779012,99.0,,,,,,,0,1,0,1,1,1,Jharkhand,Roads & Highways,Ministry of Road Transport & Highways,National Highways Authority of India [NHAI],03/2022,,1
2025-12-01,618946,1479.72,849.01,57.37639553429027,98.0,99.0,-1.0,-0.0033003300330033,866.61,-17.600000000000023,-0.0580858085808581,1,2,303,1,1,1,Jharkhand,Roads & Highways,Ministry of Road Transport & Highways,National Highways Authority of India [NHAI],,,1
2025-02-01,618959,1017.99,406.31,39.9129657462254,99.0,,,,,,,0,1,0,1,1,1,Uttar Pradesh,Roads & Highways,Ministry of Road Transport & Highways,National Highways Authority of India [NHAI],08/2023,,1
2025-12-01,618959,1017.99,406.1,39.89233685989057,99.0,99.0,0.0,0.0,406.31,-0.2099999999999795,-0.0006930693069306,1,2,303,1,1,1,Uttar Pradesh,Roads & Highways,Ministry of Road Transport & Highways,National Highways Authority of India [NHAI],,,1
2025-02-01,619063,1636.15,1204.74,73.63261314671638,100.0,,,,,,,0,1,0,1,1,1,Rajasthan,Roads & Highways,Ministry of Road Transport & Highways,National Highways Authority of India [NHAI],03/2022,,1
2025-02-01,619067,356.6,39.06,10.95344924284913,100.0,,,,,,,0,1,0,1,1,1,Gujarat,Roads & Highways,Ministry of Road Transport & Highways,National Highways Authority of India [NHAI],,,1
2025-02-01,619070,839.0,0.65,0.0774731823599523,100.0,,,,,,,0,1,0,1,1,1,Karnataka,Roads & Highways,Ministry of Road Transport & Highways,National Highways Authority of India [NHAI],,,1
2025-02-01,619075,639.3,0.26,0.0406694822462067,97.0,,,,,,,0,1,0,1,1,1,Odisha,Roads & Highways,Ministry of Road Transport & Highways,National Highways Authority of India [NHAI],,,1
2025-02-01,619083,255.53,15.29,5.983641842445113,100.0,,,,,,,0,1,0,1,1,1,Tamil Nadu,Roads & Highways,Ministry of Road Transport & Highways,National Highways Authority of India [NHAI],,,1
2025-02-01,619084,461.54,0.29,0.062833123889587,100.0,,,,,,,0,1,0,1,1,1,Tamil Nadu,Roads & Highways,Ministry of Road Transport & Highways,National Highways Authority of India [NHAI],,,1
2025-02-01,619104,1139.65,6.64,0.5826350195235378,99.0,,,,,,,0,1,0,1,1,1,"Multi-States (Jharkhand, West Bengal)",Roads & Highways,Ministry of Road Transport & Highways,National Highways Authority of India [NHAI],,,1
2025-02-01,619113,555.8,-0.08,-0.0143936667866138,100.0,,,,,,,0,1,0,1,1,1,Tamil Nadu,Roads & Highways,Ministry of Road Transport & Highways,National Highways Authority of India [NHAI],,,1
2025-02-01,619121,2531.99,-5.15,-0.2033973277935537,99.0,,,,,,,0,1,0,1,1,1,Karnataka,Roads & Highways,Ministry of Road Transport & Highways,National Highways Authority of India [NHAI],,,1
2025-02-01,619137,1024.69,542.11,52.90478095814344,100.0,,,,,,,0,1,0,1,1,1,Gujarat,Roads & Highways,Ministry of Road Transport & Highways,National Highways Authority of India [NHAI],01/2019,,1
2025-02-01,619144,1519.72,2.45,0.1612139078251256,100.0,,,,,,,0,1,0,1,1,1,Karnataka,Roads & Highways,Ministry of Road Transport & Highways,National Highways Authority of India [NHAI],,,1
2025-02-01,619146,750.53,41.54,5.534755439489428,97.0,,,,,,,0,1,0,1,1,1,Gujarat,Roads & Highways,Ministry of Road Transport & Highways,National Highways Authority of India [NHAI],,,1
2026-05-01,619146,750.53,363.41,48.42044954898539,97.93,97.0,0.9300000000000068,0.0020484581497797,41.54,321.87,0.7089647577092512,1,2,454,1,1,1,Gujarat,Roads & Highways,Ministry of Road Transport & Highways,National Highways Authority of India [NHAI],03/2017,,1
2025-02-01,701105,255.69,154.3,60.34651335601706,98.0,,,,,,,0,1,0,1,1,1,Goa,Aviation & Aviation Infrastructure,Ministry of Civil Aviation,Airport Authority of India [AAI],11/2017,,1
2025-07-01,701105,255.69,130.0,50.84281747428526,88.0,98.0,-10.0,-0.0666666666666666,154.3,-24.30000000000001,-0.1620000000000001,1,2,150,1,1,1,Goa,Aviation & Aviation Infrastructure,Ministry of Civil Aviation,Airport Authority of India [AAI],,,1
2025-11-01,701105,255.69,154.3,60.34651335601706,97.0,94.0,3.0,0.0967741935483871,154.3,0.0,0.0,4,5,273,1,1,1,Goa,Aviation & Aviation Infrastructure,Ministry of Civil Aviation,Airport Authority of India [AAI],,,1
2025-12-01,701105,255.69,154.3,60.34651335601706,98.0,97.0,1.0,0.0333333333333333,154.3,0.0,0.0,5,6,303,1,1,1,Goa,Aviation & Aviation Infrastructure,Ministry of Civil Aviation,Airport Authority of India [AAI],,,1
2025-02-01,701263,43129.0,64516.26,149.58904681304924,90.0,,,,,,,0,1,0,1,1,1,Rajasthan,Energy Storage,Ministry of Petroleum & Natural Gas,MinistryofPetroleumNaturalGas,10/2017,,1
2025-07-01,701263,43129.0,59524.37,138.01472327204434,87.0,90.0,-3.0,-0.02,64516.26,-4991.889999999999,-33.279266666666665,1,2,150,1,1,1,"Multi-States (Arunachal Pradesh, Gujarat, Rajasthan)",Energy Storage,Ministry of Petroleum & Natural Gas,MinistryofPetroleumNaturalGas,,,1
2025-11-01,701263,43129.0,62888.3,145.81441721347585,89.0,89.0,0.0,0.0,61926.61,961.6900000000024,31.022258064516205,4,5,273,1,1,1,"Multi-States (Arunachal Pradesh, Gujarat, Rajasthan)",Energy Storage,Ministry of Petroleum & Natural Gas,MinistryofPetroleumNaturalGas,,,1
2025-12-01,701263,43129.0,63571.54,147.3985949129356,90.0,89.0,1.0,0.0333333333333333,62888.3,683.239999999998,22.7746666666666,5,6,303,1,1,1,Rajasthan,Energy Storage,Ministry of Petroleum & Natural Gas,MinistryofPetroleumNaturalGas,,,1
2025-02-01,701343,2658.34,2300.5,86.53896792735316,96.0,,,,,,,0,1,0,1,1,1,"Multi-States (Andhra Pradesh, Odisha)",Energy Storage,Ministry of Petroleum & Natural Gas,Ministry of Petroleum & Natural Gas,09/2019,,0
2025-07-01,701343,2658.34,2192.68,82.48305333403552,94.0,96.0,-2.0,-0.0133333333333333,2300.5,-107.82000000000016,-0.7188000000000011,1,2,150,1,1,1,"Multi-States (Andhra Pradesh, Odisha)",Energy Storage,Ministry of Petroleum & Natural Gas,Ministry of Petroleum & Natural Gas,,,0
2025-11-01,701343,2658.34,2282.98,85.87991001903444,96.0,96.0,0.0,0.0,2282.98,0.0,0.0,4,5,273,1,1,1,"Multi-States (Andhra Pradesh, Odisha)",Energy Storage,Ministry of Petroleum & Natural Gas,Ministry of Petroleum & Natural Gas,,,0
2025-12-01,701343,2658.34,2282.98,85.87991001903444,96.0,96.0,0.0,0.0,2282.98,0.0,0.0,5,6,303,1,1,1,"Multi-States (Andhra Pradesh, Odisha)",Energy Storage,Ministry of Petroleum & Natural Gas,Ministry of Petroleum & Natural Gas,,,0
2026-05-01,701343,2658.34,2315.2,87.09194459700413,97.6,96.0,1.5999999999999943,0.0105960264900661,2282.98,32.2199999999998,0.2133774834437072,6,7,454,1,1,1,"Multi-States (Andhra Pradesh, Odisha)",Energy Storage,Ministry of Petroleum & Natural Gas,Ministry of Petroleum & Natural Gas,09/2019,,0
2025-02-01,701354,7844.25,6932.1,88.37173725977627,97.0,,,,,,,0,1,0,1,1,1,"Multi-States (Chhattisgarh, Madhya Pradesh, Maharashtra, Odisha)",Oil & Gas,Ministry of Petroleum & Natural Gas,Ministry of Petroleum & Natural Gas,06/2020,,1
2025-07-01,701354,7844.25,6495.6,82.80715173534755,95.0,97.0,-2.0,-0.0133333333333333,6932.1,-436.5,-2.91,1,2,150,1,1,1,"Multi-States (Chhattisgarh, Madhya Pradesh, Maharashtra, Odisha)",Oil & Gas,Ministry of Petroleum & Natural Gas,Ministry of Petroleum & Natural Gas,,,1
2025-11-01,701354,7844.25,6710.1,85.5416387799981,97.0,96.0,1.0,0.032258064516129,6661.2,48.90000000000055,1.5774193548387272,4,5,273,1,1,1,"Multi-States (Chhattisgarh, Madhya Pradesh, Maharashtra, Odisha)",Oil & Gas,Ministry of Petroleum & Natural Gas,Ministry of Petroleum & Natural Gas,,,1
2025-12-01,701354,7844.25,6857.3,87.41817254676994,97.0,97.0,0.0,0.0,6710.1,147.19999999999982,4.906666666666661,5,6,303,1,1,1,"Multi-States (Chhattisgarh, Madhya Pradesh, Maharashtra, Odisha)",Oil & Gas,Ministry of Petroleum & Natural Gas,Ministry of Petroleum & Natural Gas,,,1
2025-02-01,701406,1402.0,1839.76,131.22396576319545,100.0,,,,,,,0,1,0,1,1,1,Telangana,Water Resources,"Department of Water Resources, River Development & GR",Irrigation and CAD-TG,04/2007,,1
2025-07-01,701406,1402.0,1839.76,131.22396576319545,100.0,100.0,0.0,0.0,1839.76,0.0,0.0,1,2,150,1,1,1,Telangana,Water Resources,"Department of Water Resources, River Development & GR",Irrigation and CAD-TG,,,1
2025-11-01,701406,1402.0,1839.76,131.22396576319545,100.0,100.0,0.0,0.0,1839.76,0.0,0.0,4,5,273,1,1,1,Telangana,Water Resources,"Department of Water Resources, River Development & GR",Irrigation and CAD-TG,,,1
2025-12-01,701406,1402.0,1839.76,131.22396576319545,100.0,100.0,0.0,0.0,1839.76,0.0,0.0,5,6,303,1,1,1,Telangana,Water Resources,"Department of Water Resources, River Development & GR",Irrigation and CAD-TG,,,1
2026-05-01,701406,1402.0,1839.76,131.22396576319545,100.0,100.0,0.0,0.0,1839.76,0.0,0.0,6,7,454,1,1,1,Telangana,Water Resources,"Department of Water Resources, River Development & GR",Irrigation and CAD-TG,01/2008,,1
2025-02-01,702639,10773.0,12330.27,114.45530492898914,99.0,,,,,,,0,1,0,1,1,1,Gujarat,Urban Public Transport,Ministry of Housing & Urban Affairs,Gujarat Metro Rail Corporation Limited [GMRCL],11/2014,,1
2025-07-01,702639,10773.0,11857.91,110.07063956186762,99.34,99.0,0.3400000000000034,0.0022666666666666,12330.27,-472.3600000000006,-3.1490666666666707,1,2,150,1,1,1,Gujarat,Urban Public Transport,Ministry of Housing & Urban Affairs,Gujarat Metro Rail Corporation Limited [GMRCL],,,1
2025-11-01,702639,10773.0,12216.37,113.39803211733036,99.0,99.0,0.0,0.0,12212.92,3.450000000000728,0.1112903225806686,4,5,273,1,1,1,Gujarat,Urban Public Transport,Ministry of Housing & Urban Affairs,Gujarat Metro Rail Corporation Limited [GMRCL],,,1
2025-12-01,702639,10773.0,12266.48,113.86317645966768,99.0,99.0,0.0,0.0,12216.37,50.10999999999876,1.670333333333292,5,6,303,1,1,1,Gujarat,Urban Public Transport,Ministry of Housing & Urban Affairs,Gujarat Metro Rail Corporation Limited [GMRCL],,,1
2025-02-01,702735,213.19,168.14,78.86861485060275,91.0,,,,,,,0,1,0,1,1,1,Haryana,Waste & Water,Ministry of Housing & Urban Affairs,Ministry of Housing & Urban Affairs,03/2017,,1
2025-11-01,702735,213.19,168.14,78.86861485060275,91.0,91.0,0.0,0.0,1430.38,-1262.2400000000002,-40.71741935483872,3,4,273,1,1,1,Haryana,Waste & Water,Ministry of Housing & Urban Affairs,Ministry of Housing & Urban Affairs,,,1
2025-02-01,702764,174.96,93.18,53.25788751714677,65.0,,,,,,,0,1,0,1,1,1,Karnataka,Waste & Water,Ministry of Housing & Urban Affairs,Ministry of Housing & Urban Affairs,11/2016,,1
2025-11-01,702764,174.96,93.18,53.25788751714677,65.0,65.0,0.0,0.0,923.02,-829.8399999999999,-26.769032258064517,3,4,273,1,1,1,Karnataka,Waste & Water,Ministry of Housing & Urban Affairs,Ministry of Housing & Urban Affairs,,,1
2025-02-01,702798,362.31,324.79,89.6442273191466,96.0,,,,,,,0,1,0,1,1,1,Madhya Pradesh,Waste & Water,Ministry of Housing & Urban Affairs,Ministry of Housing & Urban Affairs,10/2018,,1
2025-11-01,702798,362.31,322.31,88.95973061742707,93.0,93.0,0.0,0.0,2930.96,-2608.65,-84.15,3,4,273,1,1,1,Madhya Pradesh,Waste & Water,Ministry of Housing & Urban Affairs,Ministry of Housing & Urban Affairs,,,1
2025-02-01,702840,204.55,186.13,90.9948667807382,99.0,,,,,,,0,1,0,1,1,1,Maharashtra,Waste & Water,Ministry of Housing & Urban Affairs,Ministry of Housing & Urban Affairs,11/2016,,1
2025-11-01,702840,204.55,186.13,90.9948667807382,99.0,99.0,0.0,0.0,1765.97,-1579.84,-50.962580645161296,3,4,273,1,1,1,Maharashtra,Waste & Water,Ministry of Housing & Urban Affairs,Ministry of Housing & Urban Affairs,,,1
2025-12-01,702840,204.55,186.13,90.9948667807382,99.0,99.0,0.0,0.0,186.13,0.0,0.0,4,5,303,1,1,1,Maharashtra,Waste & Water,Ministry of Housing & Urban Affairs,Ministry of Housing & Urban Affairs,,,1
2025-02-01,702851,235.95,184.98,78.39796567069294,95.0,,,,,,,0,1,0,1,1,1,Maharashtra,Waste & Water,Ministry of Housing & Urban Affairs,Ministry of Housing & Urban Affairs,03/2017,,1
2025-11-01,702851,235.95,184.98,78.39796567069294,92.0,92.0,0.0,0.0,1901.3,-1716.32,-55.365161290322575,3,4,273,1,1,1,Maharashtra,Waste & Water,Ministry of Housing & Urban Affairs,Ministry of Housing & Urban Affairs,,,1
2025-12-01,702851,235.95,184.98,78.39796567069294,95.0,92.0,3.0,0.1,184.98,0.0,0.0,4,5,303,1,1,1,Maharashtra,Waste & Water,Ministry of Housing & Urban Affairs,Ministry of Housing & Urban Affairs,,,1
2026-05-01,702851,235.95,220.77,93.56643356643356,95.0,95.0,0.0,0.0,184.98,35.79000000000002,0.237019867549669,5,6,454,1,1,1,Maharashtra,Waste & Water,Ministry of Housing & Urban Affairs,Ministry of Housing & Urban Affairs,07/2017,,1
2025-02-01,702854,180.24,166.32,92.27696404793608,98.0,,,,,,,0,1,0,1,1,1,Maharashtra,Waste & Water,Ministry of Housing & Urban Affairs,Ministry of Housing & Urban Affairs,03/2017,,1
2025-11-01,702854,180.24,155.01,86.00199733688414,91.0,91.0,0.0,0.0,1442.29,-1287.28,-41.52516129032258,3,4,273,1,1,1,Maharashtra,Waste & Water,Ministry of Housing & Urban Affairs,Ministry of Housing & Urban Affairs,,,1
2025-12-01,702854,180.24,155.01,86.00199733688414,91.0,91.0,0.0,0.0,155.01,0.0,0.0,4,5,303,1,1,1,Maharashtra,Waste & Water,Ministry of Housing & Urban Affairs,Ministry of Housing & Urban Affairs,,,1
2025-02-01,702948,235.73,221.27,93.86586348788867,100.0,,,,,,,0,1,0,1,1,1,Uttar Pradesh,Waste & Water,Ministry of Housing & Urban Affairs,Ministry of Housing & Urban Affairs,03/2017,,1
2025-11-01,702948,235.73,205.84,87.32023925677682,87.0,87.0,0.0,0.0,1911.66,-1705.8200000000002,-55.02645161290323,3,4,273,1,1,1,Uttar Pradesh,Waste & Water,Ministry of Housing & Urban Affairs,Ministry of Housing & Urban Affairs,,,1
2025-02-01,705503,4027.53,5142.37,127.68048903422196,100.0,,,,,,,0,1,0,1,1,1,Maharashtra,Railways,Ministry of Railways,Central Railway,06/2016,,1
2025-07-01,705503,3627.0,6548.0,180.53487730907085,84.0,100.0,-16.0,-0.1066666666666666,5142.37,1405.63,9.370866666666668,1,2,150,1,1,1,Maharashtra,Railways,Ministry of Railways,Central Railway [CR] - II,,,1
2025-02-01,705635,1432.0,2851.29,199.11243016759775,52.0,,,,,,,0,1,0,1,1,1,"Multi-States (Kerala, Tamil Nadu)",Railways,Ministry of Railways,Southern Railway (SR) - I,08/2017,,1
2025-07-01,705635,1432.0,2451.0,171.159217877095,46.0,52.0,-6.0,-0.04,2851.29,-400.29,-2.6686,1,2,150,1,1,1,"Multi-States (Kerala, Tamil Nadu)",Railways,Ministry of Railways,SR-ERS,,,1
2025-11-01,705635,1432.0,2505.8,174.98603351955308,50.0,50.0,0.0,0.0,2505.8,0.0,0.0,4,5,273,1,1,1,"Multi-States (Kerala, Tamil Nadu)",Railways,Ministry of Railways,,,,1
2025-12-01,705635,1432.0,2554.26,178.3701117318436,51.0,50.0,1.0,0.0333333333333333,2505.8,48.46000000000004,1.6153333333333346,5,6,303,1,1,1,"Multi-States (Kerala, Tamil Nadu)",Railways,Ministry of Railways,,,,1
2025-02-01,707267,200.0,100.0,50.0,10.0,,,,,,,0,1,0,1,1,1,Gujarat,Waste & Water,Ministry of Housing & Urban Affairs,ministry of housing and urban affairs,07/2020,,1
2025-07-01,707267,200.0,100.0,50.0,10.0,10.0,0.0,0.0,100.0,0.0,0.0,1,2,150,1,1,1,Gujarat,Waste & Water,Ministry of Housing & Urban Affairs,Smart City Mission,,,1
2025-11-01,707267,200.0,100.0,50.0,10.0,10.0,0.0,0.0,100.0,0.0,0.0,4,5,273,1,1,1,Gujarat,Waste & Water,Ministry of Housing & Urban Affairs,ministry of housing and urban affairs,,,1
2025-02-01,709760,240.0,88.15,36.72916666666667,72.0,,,,,,,0,1,0,1,1,1,Maharashtra,Oil & Gas,Ministry of Petroleum & Natural Gas,Hindustan Petroleum Corporation Limited,06/2024,,1
2025-07-01,709760,240.0,34.4,14.333333333333334,37.0,72.0,-35.0,-0.2333333333333333,88.15,-53.75000000000001,-0.3583333333333334,1,2,150,1,1,1,Maharashtra,Oil & Gas,Ministry of Petroleum & Natural Gas,Hindustan Petroleum Corporation Limited,,,1
2025-11-01,709760,240.0,70.12,29.21666666666667,62.0,54.0,8.0,0.2580645161290322,44.87,25.250000000000007,0.8145161290322583,4,5,273,1,1,1,Maharashtra,Oil & Gas,Ministry of Petroleum & Natural Gas,Hindustan Petroleum Corporation Limited,,,1
2025-12-01,709760,240.0,77.58,32.325,70.0,62.0,8.0,0.2666666666666666,70.12,7.459999999999994,0.2486666666666664,5,6,303,1,1,1,Maharashtra,Oil & Gas,Ministry of Petroleum & Natural Gas,Hindustan Petroleum Corporation Limited,,,1
2025-02-01,709766,1420.0,169.14,11.9112676056338,6.0,,,,,,,0,1,0,1,1,1,Andhra Pradesh,Oil & Gas,Ministry of Petroleum & Natural Gas,MinistryofPetroleumNaturalGas,03/2022,,1
2025-07-01,709766,1420.0,162.47,11.441549295774648,6.0,6.0,0.0,0.0,169.14,-6.669999999999988,-0.0444666666666665,1,2,150,1,1,1,Andhra Pradesh,Oil & Gas,Ministry of Petroleum & Natural Gas,MinistryofPetroleumNaturalGas,,,1
2025-11-01,709766,1420.0,168.51,11.866901408450705,6.0,6.0,0.0,0.0,167.02,1.489999999999981,0.0480645161290316,4,5,273,1,1,1,Andhra Pradesh,Oil & Gas,Ministry of Petroleum & Natural Gas,MinistryofPetroleumNaturalGas,,,1
2025-02-01,709782,165.0,94.37,57.1939393939394,88.0,,,,,,,0,1,0,1,1,1,Maharashtra,Oil & Gas,Ministry of Petroleum & Natural Gas,Indian Oil Corporation Limited [IOCL],08/2022,,1
2025-07-01,709782,165.0,89.94,54.50909090909091,72.0,88.0,-16.0,-0.1066666666666666,94.37,-4.430000000000007,-0.0295333333333333,1,2,150,1,1,1,Maharashtra,Oil & Gas,Ministry of Petroleum & Natural Gas,Indian Oil Corporation Limited [IOCL],,,1
2025-11-01,709782,165.0,94.28,57.13939393939395,79.0,78.0,1.0,0.032258064516129,94.21,0.0700000000000073,0.0022580645161292,4,5,273,1,1,1,Maharashtra,Oil & Gas,Ministry of Petroleum & Natural Gas,Indian Oil Corporation Limited [IOCL],,,1
2025-12-01,709782,165.0,96.61,58.551515151515154,83.0,79.0,4.0,0.1333333333333333,94.28,2.3299999999999983,0.0776666666666666,5,6,303,1,1,1,Maharashtra,Oil & Gas,Ministry of Petroleum & Natural Gas,Indian Oil Corporation Limited [IOCL],,,1
2025-02-01,709789,405.0,250.41,61.82962962962962,98.0,,,,,,,0,1,0,1,1,1,Maharashtra,Oil & Gas,Ministry of Petroleum & Natural Gas,Bharat Petroleum Corporation Limited [BPCL],03/2023,,1
2025-07-01,709789,405.0,201.28,49.69876543209877,84.0,98.0,-14.0,-0.0933333333333333,250.41,-49.13,-0.3275333333333333,1,2,150,1,1,1,Maharashtra,Oil & Gas,Ministry of Petroleum & Natural Gas,Bharat Petroleum Corporation Limited [BPCL],,,1
2025-11-01,709789,405.0,227.3,56.12345679012346,95.0,92.0,3.0,0.0967741935483871,214.5,12.800000000000011,0.412903225806452,4,5,273,1,1,1,Maharashtra,Oil & Gas,Ministry of Petroleum & Natural Gas,Bharat Petroleum Corporation Limited [BPCL],,,1
2025-02-01,900808,3546.94,3476.0,97.99996616802088,99.0,,,,,,,0,1,0,1,1,1,"Multi-States (Andhra Pradesh, Telangana)",Transmission & Distribution,Ministry of Power,Power Grid Corporation of India Limited [POWERGRID],11/2022,,1
2025-07-01,900808,3546.94,3121.3,87.99979700812531,94.0,99.0,-5.0,-0.0333333333333333,3476.0,-354.6999999999998,-2.3646666666666656,1,2,150,1,1,1,"Multi-States (Andhra Pradesh, Telangana)",Transmission & Distribution,Ministry of Power,Power Grid Corporation of India Limited [POWERGRID],,,1
2025-11-01,900808,3546.94,3404.59,95.98668147755532,98.0,97.0,1.0,0.032258064516129,3369.59,35.0,1.1290322580645162,4,5,273,1,1,1,"Multi-States (Andhra Pradesh, Telangana)",Transmission & Distribution,Ministry of Power,Power Grid Corporation of India Limited [POWERGRID],,,1
2025-12-01,900808,3546.94,3440.49,96.99882151939416,98.0,98.0,0.0,0.0,3404.59,35.89999999999964,1.1966666666666546,5,6,303,1,1,1,"Multi-States (Andhra Pradesh, Telangana)",Transmission & Distribution,Ministry of Power,Power Grid Corporation of India Limited [POWERGRID],,,1
