feature,coefficient,absolute_importance
cost_growth,14.203047596154265,14.203047596154265
sector_Coal,-1.4388493150008166,1.4388493150008166
ministry_final_Ministry of Railways,-0.784937853813961,0.784937853813961
agency_final_National Highways Authority of India [NHAI],0.7673475118620516,0.7673475118620516
sector_Railways,0.7625026172265035,0.7625026172265035
ministry_final_Ministry of Coal,0.7411839183165034,0.7411839183165034
physical_progress,0.7306883004292263,0.7306883004292263
sector_Metals & Mining,0.5386744018981323,0.5386744018981323
state_Manipur,-0.49757418069933457,0.49757418069933457
sector_Steel,-0.4385081366299558,0.4385081366299558
"state_Multi-States (Madhya Pradesh, Uttar Pradesh)",-0.39952804808828996,0.39952804808828996
"state_Multi-States (Delhi, Gujarat, Madhya Pradesh, Maharashtra, Rajasthan)",0.3903228602194352,0.3903228602194352
agency_final_Satluj Jal Vidyut Nigam [SJVN] Thermal Limited,-0.3855833663230218,0.3855833663230218
original_cost,0.38494030005118746,0.38494030005118746
"state_Multi-States (Odisha, West Bengal)",0.37892301840014847,0.37892301840014847
agency_final_National Aluminium Company Limited [NALCO],-0.37397515332122844,0.37397515332122844
ministry_final_Ministry of Power,0.3693115230571194,0.3693115230571194
"state_Multi-States (Madhya Pradesh, Rajasthan)",-0.3607186019158806,0.3607186019158806
"state_Multi-States (Jharkhand, Odisha)",0.3414067389684484,0.3414067389684484
agency_final_Western Coalfields Limited [WCL],-0.33108011652323766,0.33108011652323766
sector_Urban Public Transport,0.3301140701905233,0.3301140701905233
sector_PETROLEUM,0.32297674469844145,0.32297674469844145
sector_Electricity Generation,0.3198063635238243,0.3198063635238243
state_Meghalaya,-0.3061593515312002,0.3061593515312002
agency_final_PCE/WR,-0.29432306612997966,0.29432306612997966
agency_final_BSNL,-0.2908436559600754,0.2908436559600754
state_West Bengal,0.29052409111880273,0.29052409111880273
agency_final_South Eastern Coalfields Limited [SECL],-0.28768547880447387,0.28768547880447387
agency_final_MinistryofPetroleumNaturalGas,0.2857752251938398,0.2857752251938398
agency_final_Sikkim University,0.2832408262224037,0.2832408262224037
agency_final_Hindustan Petroleum Corporation Limited [HPCL],-0.2811773887565463,0.2811773887565463
agency_final_Eastern Coal Fields Limited [ECL],-0.274492621106188,0.274492621106188
ministry_final_Ministry of Steel,-0.27089025440359293,0.27089025440359293
"state_Multi-States (Haryana, Himachal Pradesh)",0.27066220243648864,0.27066220243648864
agency_final_Ministry of Housing & Urban Affairs,0.2692653544325192,0.2692653544325192
sector_Waste & Water,-0.2690403424711853,0.2690403424711853
agency_final_North Eastern Electric Power Corporation Limited,-0.2674219993903417,0.2674219993903417
agency_final_National Mission for Clean Ganga,-0.2665112789351523,0.2665112789351523
agency_final_Madhya Pradesh Metro Rail Co Limited [MPMRCL],-0.25577501959175203,0.25577501959175203
agency_final_Northern Coalfields Limited [NCL],0.25333313743414493,0.25333313743414493
state_Andhra Pradesh,-0.2524056556516615,0.2524056556516615
agency_final_Adani Airport Holdings Limited,0.247617979416175,0.247617979416175
agency_final_National Institute of Technology Delhi,0.24584322224550478,0.24584322224550478
agency_final_Water Resources-MP,0.24580030937391079,0.24580030937391079
state_Gujarat,0.24389560780883057,0.24389560780883057
"state_Multi-States (Andhra Pradesh, Karnataka)",-0.23917155534487183,0.23917155534487183
agency_final_Chennai Metro Rail Limited [CMRL],-0.23858703355185074,0.23858703355185074
"state_Multi-States (Bihar, Jharkhand)",0.23826417411078776,0.23826417411078776
agency_final_Inland Waterways Authority of India [IWAI],0.23117040475883785,0.23117040475883785
state_Punjab,0.23108606473747886,0.23108606473747886
ministry_final_Ministry of Mines,-0.23093340350570835,0.23093340350570835
"state_Multi-States (Haryana, Rajasthan)",-0.22773484694796453,0.22773484694796453
agency_final_Adani Transmission Limited,-0.2242781351316812,0.2242781351316812
"state_Multi-States (Chhattisgarh, Maharashtra)",-0.22151714237844633,0.22151714237844633
agency_final_Singareni Collieries Company Limited [SCCL],-0.22003430401502708,0.22003430401502708
agency_final_Water Resources Department-MN,0.2187399326711413,0.2187399326711413
agency_final_Mumbai Rail Vikas Corporation Ltd.[MRVC],-0.21790830079331064,0.21790830079331064
agency_final_Hindustan Copper Limited [HCL],0.21697198402660298,0.21697198402660298
state_Andaman & Nicobar,0.215389465842296,0.215389465842296
agency_final_NLC India Limited [NLCIL],-0.2143949959312835,0.2143949959312835
agency_final_West Central Railway [WCR] - II,0.2118633890557267,0.2118633890557267
"state_Multi-States (Himachal Pradesh, Punjab)",-0.21085822195870738,0.21085822195870738
agency_final_Gujarat Metro Rail Corporation Limited [GMRCL],-0.20953418751493372,0.20953418751493372
agency_final_NRL,-0.20713892265300302,0.20713892265300302
"state_Multi-States (Dadra & Nagar Haveli and Daman & Diu, Gujarat, Maharashtra)",-0.20521553344652474,0.20521553344652474
state_Mizoram,-0.20345721408298523,0.20345721408298523
"state_Multi-States (Madhya Pradesh, Maharashtra)",0.19889790418961964,0.19889790418961964
"state_Multi-States (Gujarat, Madhya Pradesh, Uttar Pradesh)",-0.1978402011121079,0.1978402011121079
agency_final_ECR,-0.19735938664741268,0.19735938664741268
agency_final_Department of water resources-MH - II,0.19609331253340107,0.19609331253340107
agency_final_Indian Railway Construction International Limited [IRCON],0.1957253636693515,0.1957253636693515
agency_final_AAI,0.1953561102765095,0.1953561102765095
state_Bihar,0.19476596128387888,0.19476596128387888
agency_final_Central Railway [CR] - II,0.19302423189105253,0.19302423189105253
"agency_final_Department of Water Resources, River Development & GR",-0.19203038462591798,0.19203038462591798
"state_Multi-States (Gujarat, Haryana, Rajasthan)",-0.191745142744867,0.191745142744867
agency_final_GAIL,-0.19123991066127485,0.19123991066127485
"agency_final_Indian Institute of Management, Jammu",0.18966773781680504,0.18966773781680504
"state_Multi-States (Chhattisgarh, Madhya Pradesh, Maharashtra, Odisha)",0.18717351514640657,0.18717351514640657
"state_Multi-States (Arunachal Pradesh, Sikkim)",0.18564347589974903,0.18564347589974903
state_Unknown,0.18431588472703372,0.18431588472703372
previous_progress,0.18416052155697535,0.18416052155697535
agency_final_Patna Metro Rail Corporation Ltd. [PMRCL],0.1833891784252565,0.1833891784252565
agency_final_North Central Railway,0.18193240922393336,0.18193240922393336
agency_final_Ministry of Petroleum & Natural Gas,0.18178682601147558,0.18178682601147558
"state_Multi-States (Gujarat, Rajasthan)",-0.18149141415377684,0.18149141415377684
agency_final_Eastern Railway [ER] - I,-0.1808741228210182,0.1808741228210182
agency_final_Western Railway [WR] - II,-0.18064161666485548,0.18064161666485548
ministry_final_Unknown,0.18055628846808325,0.18055628846808325
agency_final_National Buildings Construction Corporation [NBCC],-0.18054717113850474,0.18054717113850474
state_PAN India,0.18015288590330825,0.18015288590330825
agency_final_Central Railway,0.17639280912191854,0.17639280912191854
state_Himachal Pradesh,0.17620839928329837,0.17620839928329837
agency_final_Ministry of Health & Family Welfare,0.17572034657420263,0.17572034657420263
agency_final_Western Railway,-0.17501885125761615,0.17501885125761615
"state_Multi-States (Delhi, Uttar Pradesh)",-0.17491590822217973,0.17491590822217973
sector_Unknown,0.17440983647640473,0.17440983647640473
agency_final_Western Railway (WR) - II,-0.1725609718521433,0.1725609718521433
sector_STEEL,0.17091777019139162,0.17091777019139162
"agency_final_Haldia Dock Complex, Syama Prasad Mookerjee Port Authority",-0.16876531000384454,0.16876531000384454
"state_Multi-States (Arunachal Pradesh, Assam, Manipur, Meghalaya, Mizoram, Nagaland, Sikkim, Tripura, West Bengal)",-0.16810486756442022,0.16810486756442022
agency_final_HPCL,-0.16755795517213282,0.16755795517213282
"state_Multi-States (Gujarat, Haryana, Punjab, Rajasthan)",-0.16747180122693242,0.16747180122693242
"state_Multi-States (Delhi, Haryana)",-0.16690376747272492,0.16690376747272492
agency_final_CAO/C/NCR,0.16657117467632157,0.16657117467632157
agency_final_Ministry of Railways,0.1662845848920322,0.1662845848920322
agency_final_CSPCC Projects,-0.1654256634655848,0.1654256634655848
"state_Multi-States (Bihar, Jharkhand, Uttar Pradesh, West Bengal)",-0.1637451041255289,0.1637451041255289
agency_final_North Western Railway [NWR],0.16356494309826852,0.16356494309826852
agency_final_RCIL,-0.1597438374363692,0.1597438374363692
agency_final_Mahanadi Coalfields Limited [MCL],-0.15914044301973054,0.15914044301973054
agency_final_CAO/C/SER,-0.15655257896789213,0.15655257896789213
progress_change,-0.155769607667035,0.155769607667035
agency_final_Western Railway WR - II,-0.15262393591638226,0.15262393591638226
agency_final_National High Speed Rail Corporation [NHSRC],-0.15243479153832418,0.15243479153832418
agency_final_Damodar Valley Corporation,-0.1520464962012807,0.1520464962012807
"state_Multi-States (Andhra Pradesh, Bihar, Chhattisgarh, Jharkhand, Madhya Pradesh, Maharashtra, Odisha, Telangana, Uttar Pradesh, West Bengal)",-0.15188962140510662,0.15188962140510662
agency_final_Water Resources-BR,0.15142896677724557,0.15142896677724557
agency_final_South Central Railway [SCR] - II,0.15123296029689065,0.15123296029689065
"state_Multi-States (Puducherry, Tamil Nadu)",-0.14976429891200546,0.14976429891200546
agency_final_Ministry of Education,0.14816818479871408,0.14816818479871408
agency_final_Rail Land Development Authority,-0.1478737894727652,0.1478737894727652
state_Offshore,0.14742708324569456,0.14742708324569456
agency_final_EDTK[MC]/RB,-0.14683790941274036,0.14683790941274036
agency_final_Central Organisation for Railway Electrification [CORE],-0.14662960390817315,0.14662960390817315
"state_Multi-States (Bihar, West Bengal)",-0.14627379760733786,0.14627379760733786
agency_final_National Mineral Development Corporation Limited [NMDC],0.14605408817016272,0.14605408817016272
"agency_final_Indian Institute of Management, Sirmaur",0.14566017642824747,0.14566017642824747
sector_RAILWAYS,-0.1422386592911202,0.1422386592911202
"state_Multi-States (Assam, Nagaland)",-0.14160997541672943,0.14160997541672943
state_Goa,-0.14134764269994357,0.14134764269994357
"state_Multi-States (Assam, West Bengal)",-0.1409376675928168,0.1409376675928168
"agency_final_Indian intitue of Management, Amritsar",-0.13913176784014658,0.13913176784014658
"agency_final_Metro Railway, Kolkata",-0.13798147242096725,0.13798147242096725
agency_final_North Eastern Railway [NER],0.13768618365025428,0.13768618365025428
agency_final_Bengaluru Metro Rail,-0.13707975107134746,0.13707975107134746
"state_Multi-States (Haryana, Punjab, Rajasthan)",-0.1362872482848632,0.1362872482848632
agency_final_ministry of housing and urban affairs,0.1353311662829754,0.1353311662829754
agency_final_Department of Telecommunications [DoT],0.1350414586211197,0.1350414586211197
"agency_final_Central University, Himachal Pradesh",0.13502430610011185,0.13502430610011185
agency_final_Karnataka Rail Infrastructure Development Company Limited [K-RIDE],0.13496522771976524,0.13496522771976524
agency_final_MCL - CIL,-0.13388713909480526,0.13388713909480526
state_Rajasthan,-0.13385852803354156,0.13385852803354156
agency_final_Mangalore Refinary and Petrochemicals Limited,-0.13366833220091506,0.13366833220091506
"state_Multi-States (Assam, Bihar, Jharkhand, Odisha, West Bengal)",0.1334727461508969,0.1334727461508969
"state_Multi-States (Goa, Karnataka)",-0.13211787841830425,0.13211787841830425
"state_Multi-States (Maharashtra, Telangana)",0.13176512729182896,0.13176512729182896
sector_Real Estate,0.13142557668276686,0.13142557668276686
"state_Multi-States (Jharkhand, Uttar Pradesh)",0.1310211956958011,0.1310211956958011
state_Assam,0.13092663679502461,0.13092663679502461
sector_Inland Waterways,-0.13090314843343576,0.13090314843343576
"state_Multi-States (Madhya Pradesh, Rajasthan, Uttar Pradesh)",-0.13086258628867783,0.13086258628867783
agency_final_South East Central Railway,-0.1302965745530239,0.1302965745530239
agency_final_Central Public Works Department [CPWD],0.12754167146535486,0.12754167146535486
agency_final_WPO/Patna,-0.12603081614529862,0.12603081614529862
agency_final_Irrigation and CAD-TG,0.12601388714873585,0.12601388714873585
state_Odisha,0.1257440606762793,0.1257440606762793
agency_final_Department of Water Resources-PB,0.1254545012387334,0.1254545012387334
agency_final_South Eastern Railway - JH,-0.12460480613232844,0.12460480613232844
"agency_final_Indian Institute of Technology, Mandi",-0.12365285674451151,0.12365285674451151
"state_Multi-States (Bihar, Odisha, West Bengal)",-0.12280110099926404,0.12280110099926404
agency_final_NIT Patna,-0.12210577230159461,0.12210577230159461
agency_final_Railway,0.12062020219184656,0.12062020219184656
sector_Telecommunication,-0.11935412068128957,0.11935412068128957
ministry_final_Department of Telecommunications,-0.11935412068128957,0.11935412068128957
agency_final_Northern Railways,-0.11924556601483752,0.11924556601483752
agency_final_Mumbai Metro Rail Corporation Limited [MMRC],0.11911137248711257,0.11911137248711257
agency_final_Tezpur University,-0.11645830486330146,0.11645830486330146
"state_Multi-States (Chhattisgarh, Odisha)",-0.1164100979125651,0.1164100979125651
agency_final_MRIDC,-0.11568340118010342,0.11568340118010342
agency_final_Irrigation & Water Resources-UP,-0.11540222122337788,0.11540222122337788
agency_final_IOCL,0.11449635633018546,0.11449635633018546
sector_Education,-0.11448358047686036,0.11448358047686036
agency_final_GM/C/ NFR,-0.11441077076560016,0.11441077076560016
"state_Multi-States (Arunachal Pradesh, Assam)",-0.11405429744070228,0.11405429744070228
"state_Multi-States (Andhra Pradesh, Chhattisgarh, Jharkhand, Maharashtra, Odisha)",-0.1129903924967818,0.1129903924967818
agency_final_MRTP,0.1124169534673389,0.1124169534673389
agency_final_South East Central Railway [SECR] - II,0.11202281023342173,0.11202281023342173
"state_Multi-States (Andhra Pradesh, Maharashtra, Telangana)",-0.11152413340294964,0.11152413340294964
ministry_final_Department of Higher Education,-0.10980376744019128,0.10980376744019128
agency_final_CPWD,-0.10876680316351166,0.10876680316351166
"state_Multi-States (Punjab, Rajasthan)",-0.10813554956805294,0.10813554956805294
agency_final_East Central Railway [ECR] - I,0.10772320687783686,0.10772320687783686
agency_final_Paradip Port Trust [PPT],-0.1073674270772783,0.1073674270772783
agency_final_MIS MoCoal Integration Logins,-0.10709928177064618,0.10709928177064618
agency_final_Banaras Hindu University,-0.10677806434550126,0.10677806434550126
ministry_final_Ministry of Road Transport & Highways,0.105689655282686,0.105689655282686
sector_Roads & Highways,0.105689655282686,0.105689655282686
ministry_final_Department for Promotion of Industry & Internal Trade,-0.1044036909624384,0.1044036909624384
agency_final_ECL - CIL,-0.10416858345281947,0.10416858345281947
sector_CIVIL AVIATION,-0.10408044625979049,0.10408044625979049
agency_final_Ministry of Petroleum and Natural Gas,-0.1035303647776783,0.1035303647776783
state_Karnataka,0.10219196330923574,0.10219196330923574
agency_final_UPJalNigam,0.10201813675673674,0.10201813675673674
agency_final_SR-ERS,-0.10104705458272414,0.10104705458272414
agency_final_CPWD EDUCATION,-0.10093794005936521,0.10093794005936521
"agency_final_National Institute of Technology, Arunachal Pradesh",-0.10054674579371432,0.10054674579371432
agency_final_Central University of Gujarat,-0.10024328824548583,0.10024328824548583
agency_final_South Eastern Railway [SER] - I,-0.09975393760596213,0.09975393760596213
agency_final_Water resource-mp,-0.09929508324899622,0.09929508324899622
state_GOA,-0.09913227936839134,0.09913227936839134
agency_final_CAO/C/SECR,-0.09781978337446925,0.09781978337446925
state_Maharashtra,-0.09710746086046278,0.09710746086046278
agency_final_Construction NER,-0.0970137117918968,0.0970137117918968
agency_final_NIT Nagaland,-0.09678717129795063,0.09678717129795063
agency_final_Deendayal Port Trust,-0.0967335630503886,0.0967335630503886
sector_DEPARTMENT OF HIGHER EDUCATION,0.09638732254190822,0.09638732254190822
agency_final_Reliance Industries Ltd,-0.09544508254571689,0.09544508254571689
agency_final_East Coast Railway [ECoR] - II,-0.0954134840153477,0.0954134840153477
state_Dadra & Nagar Haveli and Daman & Diu,-0.09536448978303512,0.09536448978303512
agency_final_GAIL Gas,-0.09508740483835576,0.09508740483835576
agency_final_Airport Authority of India [AAI],-0.09469988993748656,0.09469988993748656
agency_final_Central University of Punjab,-0.09423932136774595,0.09423932136774595
agency_final_Irrigation-UK,-0.09408260065283222,0.09408260065283222
agency_final_East Central Railway [ECR] - II,-0.09392775247176688,0.09392775247176688
agency_final_Unknown,-0.09323493969892575,0.09323493969892575
agency_final_KMDA,-0.09238978805314967,0.09238978805314967
agency_final_Department of Water Resources-MH,-0.09154552862431549,0.09154552862431549
agency_final_National Hydroelectric Power Corporation Limited [NHPC],-0.09122692691069488,0.09122692691069488
agency_final_INDIAN INSTITUTE OF TECHNOLOGY PALAKKAD,0.08994766553765027,0.08994766553765027
"ministry_final_Ministry of Ports, Shipping and Waterways",-0.08908840014320361,0.08908840014320361
"state_Multi-States (Karnataka, Maharashtra)",-0.08907120490974635,0.08907120490974635
agency_final_Department of Telecommunications,-0.08886534549588301,0.08886534549588301
"agency_final_Indian Institute of Technology, Hyderabad",-0.08862229098538024,0.08862229098538024
agency_final_National Capital Region Transport Corporation [NCRTC],-0.0878492319671548,0.0878492319671548
"state_Multi-States (Rajasthan, Uttar Pradesh)",0.08667970226424712,0.08667970226424712
state_Chhattisgarh,0.0865522865489121,0.0865522865489121
sector_Energy Storage,0.0850857762513465,0.0850857762513465
agency_final_CCL,-0.08486222698977165,0.08486222698977165
"state_Multi-States (Andhra Pradesh, Tamil Nadu)",-0.0845679120638255,0.0845679120638255
agency_final_New Mangalore Port Authority,-0.0832917080015689,0.0832917080015689
agency_final_Gas Authority of India Limited [GAIL],-0.08269310747713379,0.08269310747713379
sector_Construction,-0.08249815634576468,0.08249815634576468
"agency_final_Indian Institute of Technology, Kharagpur",-0.08242336621951153,0.08242336621951153
expenditure_ratio,-0.08179333273114175,0.08179333273114175
"state_Multi-States (Assam, Bihar, West Bengal)",-0.08104317503800769,0.08104317503800769
"state_Multi-States (Karnataka, Maharashtra, Telangana, Uttar Pradesh)",-0.08097323484447189,0.08097323484447189
agency_final_Mumbai Port Trust [MPT],-0.08090890593402021,0.08090890593402021
"ministry_final_Department of Water Resources, River Development & GR",-0.08036207890629889,0.08036207890629889
agency_final_RVNL - I,0.08035449037915078,0.08035449037915078
agency_final_Deendayal Port Trust [DPT],0.07963515724766596,0.07963515724766596
agency_final_M/S SRC company Infra Private Limited,-0.07901539826658387,0.07901539826658387
agency_final_HITES,-0.07869796959967802,0.07869796959967802
agency_final_NHAI,0.07848368366123183,0.07848368366123183
agency_final_CentralRailway,-0.07744313375982129,0.07744313375982129
"state_Multi-States (Delhi, Rajasthan)",0.0768691953417138,0.0768691953417138
"state_Multi-States (Andhra Pradesh, Odisha)",0.07652440327273786,0.07652440327273786
agency_final_RITES OF HIGHER,-0.0744357029175058,0.0744357029175058
agency_final_Gurugram Metro Rail Limited (GMRL),-0.07339074710329162,0.07339074710329162
agency_final_Steel Authority of India Limited [SAIL],-0.07323978859327233,0.07323978859327233
agency_final_CERL,-0.07046384701368574,0.07046384701368574
agency_final_CPM/ICF,-0.07020997805770902,0.07020997805770902
sector_MINES,-0.06993351458718888,0.06993351458718888
agency_final_NALCO,-0.06993351458718888,0.06993351458718888
agency_final_National Institute of Technology Uttarakhand,-0.06943604489541107,0.06943604489541107
agency_final_SECL - CIL,-0.06931424689378167,0.06931424689378167
agency_final_RVNL - II,-0.06888903376217403,0.06888903376217403
agency_final_Indian Railway,-0.06773513553136595,0.06773513553136595
"agency_final_Indian Institute of Technology, Indore",-0.06764394862940207,0.06764394862940207
agency_final_North Eastern Railway (NER) - II,-0.06725087872854472,0.06725087872854472
"agency_final_Indian Institutes of Science Education and Research, Behrampur",-0.06704792685304797,0.06704792685304797
expenditure_change,0.06623729323560794,0.06623729323560794
state_Uttar Pradesh,0.06621884122695162,0.06621884122695162
state_Tamil Nadu,-0.06606776497697371,0.06606776497697371
agency_final_National Industrial Corridor Development Corporation,-0.06586528638427028,0.06586528638427028
"state_Multi-States (Bihar, Gujarat, Himachal Pradesh, Jammu and Kashmir, Ladakh, Rajasthan, Uttar Pradesh)",-0.06554179080527127,0.06554179080527127
agency_final_Chennai Petroleum Corporation Limited [CPCL],0.06385191558653061,0.06385191558653061
state_Tripura,0.06348574451210277,0.06348574451210277
"agency_final_National Institute of Technology, Meghalaya",-0.061983353691093236,0.061983353691093236
"state_Multi-States (Jharkhand, Odisha, West Bengal)",-0.061938449142996066,0.061938449142996066
agency_final_Power Grid Corporation of India Limited [POWERGRID],0.06134318594502272,0.06134318594502272
agency_final_Bharat Coking Coal Limited [BCCL],-0.05975124234953875,0.05975124234953875
agency_final_Employee's State Insurance Company [ESIC],0.05895964873594784,0.05895964873594784
ministry_final_Ministry of Labour and Employment,0.05895964873594784,0.05895964873594784
agency_final_Maharashtra Metro Rail Corporation Limited [MMRCL],0.05857854868961604,0.05857854868961604
agency_final_Gujarat,-0.05776626385604016,0.05776626385604016
agency_final_CCL - CIL,-0.05748242264752358,0.05748242264752358
"state_Multi-States (Bihar, Madhya Pradesh, Rajasthan, Uttar Pradesh)",-0.057319884052082264,0.057319884052082264
agency_final_National Thermal Power Corporation [NTPC],-0.056788245815638405,0.056788245815638405
agency_final_Sterlite Power,-0.056050687712741784,0.056050687712741784
agency_final_BUIDCO,-0.055958833143104875,0.055958833143104875
agency_final_SR,-0.055332895477284885,0.055332895477284885
agency_final_Delhi University,-0.05436957590602932,0.05436957590602932
agency_final_IISC Bangalore,-0.05416387054472443,0.05416387054472443
"state_Multi-States (Uttar Pradesh, West Bengal)",-0.05401699099529953,0.05401699099529953
sector_HOME AFFAIRS,0.05352220174008215,0.05352220174008215
agency_final_CPWD FOR MHA,0.05352220174008215,0.05352220174008215
"agency_final_National Institute of Technology, Puducherry",-0.05351958842995392,0.05351958842995392
state_Puducherry,-0.05351958842995392,0.05351958842995392
agency_final_RVNL,-0.05336169694846405,0.05336169694846405
agency_final_WCR,-0.05331003953376765,0.05331003953376765
"state_Multi-States (Haryana, Punjab)",0.05321901668556508,0.05321901668556508
"state_Multi-States (Bihar, Delhi, Jharkhand, Uttar Pradesh, West Bengal)",-0.05273090608662756,0.05273090608662756
agency_final_PCE/NCR,-0.05273090608662756,0.05273090608662756
"agency_final_Indian Institute of Technology, Bhilai",-0.05238587038002547,0.05238587038002547
"state_Multi-States (Andhra Pradesh, Telangana)",-0.0520311041209664,0.0520311041209664
agency_final_Central Tribal University of Andhra Pradesh,-0.051978258123289794,0.051978258123289794
"state_Multi-States (Andhra Pradesh, Chhattisgarh, Odisha)",-0.05196929577445323,0.05196929577445323
state_Nagaland,-0.05116007708084109,0.05116007708084109
sector_Healthcare,0.048515346871875864,0.048515346871875864
agency_final_CAO/C/NR,0.048454638445686656,0.048454638445686656
"state_Multi-States (Goa, Karnataka, Maharashtra, Telangana)",-0.04695861853877739,0.04695861853877739
sector_COAL,-0.04676612273741525,0.04676612273741525
agency_final_WCL,-0.04676612273741525,0.04676612273741525
agency_final_CORE,-0.04672849797365004,0.04672849797365004
agency_final_North Central Railway (NCR) - II,-0.04605317045269027,0.04605317045269027
months_observed,0.04546188401822493,0.04546188401822493
"agency_final_Narmada and Water Resources, Water Supply and Kalpsar Department-GJ",0.044588311228622966,0.044588311228622966
state_Kerala,0.04457775709181936,0.04457775709181936
"agency_final_Indian Institute of Technology, Bombay",-0.04378361110732827,0.04378361110732827
agency_final_NR,-0.04337796800979628,0.04337796800979628
sector_Aviation & Aviation Infrastructure,-0.042794367883329514,0.042794367883329514
ministry_final_Ministry of Civil Aviation,-0.042794367883329514,0.042794367883329514
state_Ladakh,-0.0420374996584141,0.0420374996584141
agency_final_NWR,-0.04092348237597769,0.04092348237597769
agency_final_NIT Sikkim,-0.040493800345267075,0.040493800345267075
agency_final_Central Public Works Department - CPWD,-0.04021246202903606,0.04021246202903606
agency_final_NIT Rourkela,-0.039912840198495246,0.039912840198495246
agency_final_BCCL - CIL,-0.039810206079673165,0.039810206079673165
state_Arunachal Pradesh,0.03958430819003586,0.03958430819003586
agency_final_NFR,0.039168267124611494,0.039168267124611494
state_Jammu and Kashmir,-0.038042909146621465,0.038042909146621465
agency_final_Department of Sports & Youth Affairs,-0.03731703928486486,0.03731703928486486
ministry_final_Department of Sports,-0.03731703928486486,0.03731703928486486
progress_velocity,0.0372962928692408,0.0372962928692408
agency_final_NER,0.037113086812083036,0.037113086812083036
sector_Logistics Infrastructure,-0.036965909862286754,0.036965909862286754
agency_final_National Communication Academy - Finance (Erstwhile NICF),-0.03644202702431792,0.03644202702431792
agency_final_SJVN,-0.03622031805943548,0.03622031805943548
agency_final_SECR,0.03563441026416047,0.03563441026416047
sector_Water Resources,0.03507896163779809,0.03507896163779809
sector_SHIPPING AND PORTS,-0.0349159534220104,0.0349159534220104
expenditure,-0.03438146572612273,0.03438146572612273
"state_Multi-States (Karnataka, Tamil Nadu)",0.03434249911468629,0.03434249911468629
state_Jharkhand,-0.03432481119011934,0.03432481119011934
agency_final_NIT Mizoram,-0.03330378120052919,0.03330378120052919
state_Delhi,-0.03309489772378952,0.03309489772378952
ministry_final_Ministry of Housing & Urban Affairs,0.03263613372614309,0.03263613372614309
agency_final_Northen Railway [NR],0.032378470850393776,0.032378470850393776
agency_final_Rail Vikas Nigam Limited,-0.03162493350811994,0.03162493350811994
agency_final_Northeast Frontier Railway (NFR) - II,-0.03153790938607287,0.03153790938607287
agency_final_Central Public Works Department (CPWD),-0.030341627646050882,0.030341627646050882
agency_final_Bharat Coking Coal Limited (BCCL),-0.030328577219649017,0.030328577219649017
agency_final_Delhi Metro Rail Corporation Limited [DMRC],0.03007219010351798,0.03007219010351798
"agency_final_Medical Education, Ministry of Health and Family Welfare",-0.030018418540137325,0.030018418540137325
ministry_final_Ministry of Health & Family Welfare,0.029388309184899822,0.029388309184899822
agency_final_Southern Railways [SR] - construction,0.0288280882974169,0.0288280882974169
state_ANDAMAN AND NICOBAR ISLANDS,-0.028424711229880807,0.028424711229880807
ministry_final_Ministry of Petroleum & Natural Gas,0.027975358441151656,0.027975358441151656
state_Madhya Pradesh,-0.027562856692393018,0.027562856692393018
agency_final_Bharat Petroleum Corporation Limited [BPCL],0.027148946658588045,0.027148946658588045
"state_Multi-States (Assam, Manipur, Meghalaya, Mizoram, Nagaland, Tripura)",0.026827790557100793,0.026827790557100793
"state_Multi-States (Haryana, Uttar Pradesh)",-0.02618792929561762,0.02618792929561762
agency_final_Northeast Frontier Railway [NFR],-0.025881974804809495,0.025881974804809495
agency_final_OIL,0.02576735031402527,0.02576735031402527
agency_final_South Eastern Central Railway,-0.025642210417558174,0.025642210417558174
agency_final_WCL - CIL,-0.025573753336460586,0.025573753336460586
agency_final_CPWD FOR HEALTH,0.02435374056935136,0.02435374056935136
agency_final_Indian Oil Corporation Limited [IOCL],0.02412026172858023,0.02412026172858023
"state_Multi-States (Karnataka, Telangana)",-0.022952692912686926,0.022952692912686926
state_Telangana,-0.02272936548910999,0.02272936548910999
agency_final_National Hydroelectric Power Corporation Limited (NHPC),-0.022643923863182324,0.022643923863182324
has_current_revision,-0.02236513047367782,0.02236513047367782
agency_final_Water Resources-AP,-0.020764874219054378,0.020764874219054378
agency_final_NHIDCL,-0.01932629840198832,0.01932629840198832
agency_final_Oil and Natural Gas Corporation Limited [ONGC],-0.0175181814965628,0.0175181814965628
agency_final_Ministry of Coal,-0.017319274985253374,0.017319274985253374
agency_final_PMSSY AND Institute of NATIONAL Importance,-0.016868418362102598,0.016868418362102598
"state_Multi-States (Gujarat, Haryana, Maharashtra, Rajasthan, Uttar Pradesh)",-0.016153897361583777,0.016153897361583777
agency_final_DFCCIL,-0.016153897361583777,0.016153897361583777
previous_expenditure,-0.016146396500578943,0.016146396500578943
agency_final_Water Resources-OR,-0.01596484605333518,0.01596484605333518
sector_HEALTH AND FAMILY WELFARE,-0.015933783325939352,0.015933783325939352
"state_Multi-States (Jammu and Kashmir, Punjab)",-0.015393785695757238,0.015393785695757238
"state_Multi-States (Bihar, Uttar Pradesh)",-0.013868539618022691,0.013868539618022691
"state_Multi-States (Uttar Pradesh, Uttarakhand)",0.013853374964904262,0.013853374964904262
agency_final_Water Resources-KA,-0.01310916961983332,0.01310916961983332
agency_final_Department of Water Resources-JH,-0.013081319962570401,0.013081319962570401
"sector_Tourism, Hospitality & Wellness",-0.013005956700744076,0.013005956700744076
agency_final_Indian Port Rail & Ropeway Corporation Ltd. [IPRCL],-0.013005956700744076,0.013005956700744076
state_Haryana,-0.012991848127942612,0.012991848127942612
agency_final_Southern Railway [SR] - II,0.012161855822907984,0.012161855822907984
sector_Transmission & Distribution,0.012077096106069468,0.012077096106069468
state_Sikkim,0.012066595379224882,0.012066595379224882
agency_final_South Central Railway [SCR] - I,0.011055673337496418,0.011055673337496418
"state_Multi-States (Arunachal Pradesh, Gujarat, Rajasthan)",-0.01089430292584237,0.01089430292584237
agency_final_CR,0.010446379445246491,0.010446379445246491
agency_final_Hindustan Petroleum Corporation Limited,0.010380122847340866,0.010380122847340866
"state_Multi-States (Jharkhand, West Bengal)",0.009870035540802933,0.009870035540802933
"state_Multi-States (Sikkim, West Bengal)",-0.00944922461905211,0.00944922461905211
agency_final_CAO/C/II/NR,0.00938527026415287,0.00938527026415287
agency_final_MoRTH,0.009084267807401037,0.009084267807401037
sector_POWER,-0.009044033879526408,0.009044033879526408
"state_Multi-States (Karnataka, Kerala, Tamil Nadu)",-0.008478537283296927,0.008478537283296927
sector_Oil & Gas,-0.007470612565038286,0.007470612565038286
agency_final_South Western Railway [SWR] - II,0.007255720046404868,0.007255720046404868
agency_final_Southern Railway (SR) - I,-0.007093592945154296,0.007093592945154296
agency_final_Ministry of Mines,0.006669619719468442,0.006669619719468442
agency_final_WR,-0.006306409912537364,0.006306409912537364
agency_final_THDC India Limited,0.006284195200268019,0.006284195200268019
sector_Shipping,0.005993312774905085,0.005993312774905085
agency_final_NMDC,-0.0059491937791701175,0.0059491937791701175
agency_final_National Highways & Infrastructure Development Corporation Ltd. [NHIDCL],0.00574841208043264,0.00574841208043264
"state_Multi-States (Kerala, Puducherry)",0.005264373041158937,0.005264373041158937
sector_URBAN DEVELOPMENT,-0.005042764783765583,0.005042764783765583
agency_final_ONGC,0.004962748393443375,0.004962748393443375
"state_Multi-States (Gujarat, Maharashtra)",0.00453369586204328,0.00453369586204328
agency_final_SWR,0.004323558957417891,0.004323558957417891
agency_final_Uttar Pradesh metro rail corporation [UPMRC],-0.004180752067288131,0.004180752067288131
agency_final_Smart City Mission,-0.003915497800960348,0.003915497800960348
agency_final_Water Resources-CT,-0.003849588535905862,0.003849588535905862
agency_final_West Central Railway WCR I,0.0027159032067170757,0.0027159032067170757
agency_final_Central Railways,-0.0025922705137021813,0.0025922705137021813
"state_Multi-States (Gujarat, Madhya Pradesh)",0.0018673150504123995,0.0018673150504123995
agency_final_NTPC,0.001482553309968536,0.001482553309968536
agency_final_NCR,-0.0010893979473631885,0.0010893979473631885
"state_Multi-States (Kerala, Tamil Nadu)",-0.0007868833819703047,0.0007868833819703047
state_Uttarakhand,0.0006839850528877849,0.0006839850528877849
agency_final_ECOR,-0.0005427977879162205,0.0005427977879162205
"state_Multi-States (Karnataka, Kerala)",0.0,0.0
"state_Multi-States (Himachal Pradesh, Uttarakhand)",0.0,0.0
"state_Multi-States (Assam, Meghalaya)",0.0,0.0
agency_final_NICDC,0.0,0.0
agency_final_Ministry of Railways-,0.0,0.0
agency_final_Jaipur Metro Rail Corporation,0.0,0.0
"agency_final_Indian Institute of Technology, Bhubaneshwar",0.0,0.0
"agency_final_Department of Water Resources, River Development, ",0.0,0.0
agency_final_Northeast Frontier Railway [NFR] - II,0.0,0.0
agency_final_North Central Railway [NCR] - II,0.0,0.0
agency_final_Noida Metro Rail Corporation Ltd. [NMRCL],0.0,0.0
agency_final_National Communication Academy - Finance [Erstwhile NICF],0.0,0.0
agency_final_Gurugram Metro Rail Limited [GMRL],0.0,0.0
agency_final_Bharat Coking Coal Limited (BCCL,0.0,0.0
agency_final_Southern Railway [SR] - I,0.0,0.0
agency_final_Syama Prasad Mookerjee Port Kolkata,0.0,0.0
