Actual,Predicted,Overrun_Probability
1,0,0.4320182838501718
1,0,0.4852478861870759
0,0,0.10900873504178461
1,0,0.3328399200615018
0,1,0.8151025356809686
0,0,0.013911733028134554
1,1,0.8898756444857582
1,0,0.16886905433756924
1,1,0.5537792092703349
1,0,0.4427887317188783
0,0,0.008763314156641056
1,1,0.5716368816282498
1,1,0.8577075916685974
0,0,0.06698374275142646
0,0,0.25765889789094604
1,1,0.8995631047219801
0,1,0.5623736963126573
1,0,0.3778196548793413
1,1,0.5228725582054403
0,0,0.06376082839402583
1,1,0.8742404564787317
0,0,0.20722603670996229
1,1,0.8150351006274511
1,1,0.865653307384072
0,1,0.6776877327130927
0,1,0.5706558829339339
0,1,0.5011298055125278
0,0,0.21655818892459802
0,0,0.1461585177413347
0,0,0.4343854951656823
0,0,0.10443181543150284
0,0,0.22336167819236086
1,1,0.8029429001747092
1,1,0.8464056738193111
1,1,0.5695231235181542
0,1,0.7261127206206882
0,0,0.1414247642660313
0,1,0.5070232623511497
1,1,0.572444041471407
1,0,0.4812766089950794
0,0,0.4757158497788348
0,1,0.8018164070799119
0,0,0.00418017670684606
0,0,0.16618361394425105
1,0,0.3280962718213909
0,1,0.7659602987022904
1,1,0.5577392430897152
1,1,0.6642283298322784
1,1,0.6576822553669422
1,0,0.15076667015376877
0,0,0.14621533126307815
1,1,0.910893293349793
1,1,0.8406919849883606
1,1,0.8231312376292377
1,1,0.7810661392316046
1,0,0.37567172750333233
0,0,0.22479990005398293
1,1,0.9299688719912118
1,1,0.8781417874394393
0,0,0.17452943803361326
0,0,0.1440424769732737
1,1,0.743689443689959
1,0,0.4831173315188117
0,0,0.011920241703665414
1,1,0.7434354042520454
0,0,0.4254410252494794
1,0,0.46677463255902313
1,0,0.4702791950841248
1,1,0.856428762457461
0,0,0.13237564616874267
0,0,0.1259652751094141
1,1,0.7795517909676831
0,0,0.009315119934921396
0,0,0.029024534224199865
0,0,0.22477955129258967
0,0,0.09304232300021147
0,0,0.10577347194638173
0,0,0.4681517988463137
0,0,0.2545903401123872
0,0,0.0037779884286725774
0,1,0.5918331219222003
0,1,0.6445743618956219
1,1,0.6595376208462745
0,0,0.10561764652852589
0,0,0.27448391266974465
1,1,0.9596652465540266
1,0,0.40939288892144715
0,1,0.6203075369902974
0,0,0.14746404023351964
0,0,0.21912551164468672
0,0,0.28320551906070524
0,1,0.6232032924871097
1,0,0.44568731188652366
0,0,0.022882555882940192
0,1,0.781905851025542
0,1,0.8071760414183099
1,0,0.3710664379950966
0,0,0.37344966591864365
1,0,0.4097054336943584
0,0,0.01315443045744486
0,1,0.5071265786547281
0,0,0.21546284503120877
1,1,0.5288521401051636
1,1,0.624554337437163
1,1,0.7859995581756325
0,0,0.32224747649314234
0,1,0.8910000948888079
0,1,0.8032171247270502
0,0,0.06818492550747846
1,1,0.8436059980553858
1,0,0.13307335045145613
0,0,0.005329129993629683
0,0,0.012541309767597195
0,0,0.22922307419240576
1,1,0.7493348243391166
0,0,0.29260749983204676
0,1,0.6274924039314049
0,0,0.020977684760626673
0,0,0.08024911354818673
0,0,0.0449397806666379
0,0,0.013112111218196203
0,0,0.4128301531269619
1,0,0.48271523774887526
1,1,0.6189408484463642
1,1,0.6671832353471066
1,1,0.5516676972841004
0,0,0.21955939163706867
0,0,0.3176243744809265
1,1,0.8679697685371326
0,0,0.12752553771339187
1,1,0.6719846795873097
1,1,0.6413071156190194
0,0,0.1253438293174065
1,0,0.4951317674231298
1,1,0.7165471652373406
1,1,0.7147710459528561
0,0,0.33138578556955095
1,0,0.42186455708401843
0,0,0.19141535847290567
0,0,0.008459290488093369
1,1,0.6018149440142465
1,1,0.855769123617577
0,0,0.14084908288682116
0,1,0.5864392298994531
0,0,0.11171411517268379
0,0,0.011571629106074002
0,0,0.07783317663846277
1,0,0.29364992112987526
1,1,0.9360211830490687
0,0,0.06304802339285978
0,0,0.2499482932234435
0,0,0.013692630600657639
1,1,0.7653928188680348
0,0,0.3423314151620537
0,0,0.11530122785460149
0,0,0.12384465458894893
0,0,0.024760829648070453
0,0,0.3839519701666834
0,0,0.0020916993788235717
0,0,0.08761125639456821
0,0,0.2890503708520566
0,1,0.7417840112935556
0,0,0.17782189904120366
1,0,0.16340275746659846
1,1,0.8261079019605218
0,0,0.19227685829214905
0,0,0.3769761434447845
1,1,0.7623887918258704
0,0,0.39781693160218196
1,0,0.4768394106974259
1,1,0.7159902723340602
0,0,0.08103974869531332
1,0,0.4511028591253689
0,0,0.2511546411999213
0,0,0.44879604505148707
1,0,0.3893714564093847
1,1,0.9249111940749938
0,0,0.3395968423657261
0,0,0.20277636403473553
1,1,0.5466926205270511
0,0,0.12193930025921061
0,0,0.044818332019911325
1,0,0.37289648936122294
1,1,0.698247334805928
1,0,0.232225956753453
0,0,0.2012279427689108
0,0,0.1432603647207966
1,0,0.40557227321558187
0,0,0.22113980245724546
1,1,0.8764158898434457
1,0,0.16657123990085088
1,1,0.5884547937632484
0,0,0.4457533774530288
0,0,0.08790662373344203
1,0,0.1351927395891116
1,0,0.18134407392516197
1,1,0.78742634797051
0,0,0.06479553503743346
0,0,0.009364435143515657
0,0,0.23245224380666318
0,1,0.5950875475401433
1,1,0.9667696853023652
1,0,0.3510163562664713
0,0,0.0348896714468013
0,0,0.23812705292599995
0,0,0.11422485610984111
0,0,0.13532474032818548
0,0,0.3970595333060928
0,0,0.0892835243360639
0,1,0.7417840112935556
1,1,0.683283583688227
0,1,0.741999265156555
1,1,0.8325414233607956
1,1,0.9785054650053538
0,0,0.4565942088635103
0,0,0.25111258957122806
1,1,0.829294460201394
1,1,0.8698130515118044
0,0,0.31129731832492985
0,0,0.2952080037177666
0,0,0.14376133328688162
0,0,0.06778994489318364
0,0,0.05574267517918208
1,1,0.9552512718070721
0,0,0.02048959820008679
0,1,0.5944044582849519
0,0,0.012745362051215318
1,1,0.7294997906812044
0,0,0.1259013167320917
1,0,0.46592292523851425
1,1,0.7942059347052222
1,0,0.44586929132666175
0,0,0.08797268486290448
0,0,0.02896880642970253
0,0,0.06896767786940584
0,0,0.2562032828436506
0,0,0.0608363116758992
0,0,0.20472895434439858
0,0,0.24204132171106188
1,0,0.17392959732910046
0,0,0.0190437040632161
1,0,0.17910166425392599
0,0,0.35508393682330397
0,0,0.041514294057336434
0,0,0.062244914958254766
0,0,0.30724378904256383
0,0,0.03965805741318067
0,0,0.01050746536931279
1,0,0.38987083192434185
0,0,0.22946735282364003
1,1,0.6082840346438094
0,0,0.05670932464059574
0,0,0.021567213472838426
0,0,0.1343323323889286
0,0,0.418773298496301
0,0,0.11805806484174877
0,0,0.10649000782498562
0,0,0.49451877025242363
0,0,0.04146947551376995
0,0,0.14436344073540577
1,0,0.4947247098126443
0,1,0.8538811888134155
0,0,0.3910996233446431
0,0,0.3201669901490134
0,0,0.14326885176993728
1,1,0.7146631261659565
0,0,0.26356916799740604
0,0,0.2006925453260199
0,0,0.3698402288127591
0,0,0.009783503777427345
0,0,0.013830584800367397
0,0,0.19964648304214622
0,0,0.3444361368498169
0,1,0.5050430506185647
0,0,0.02053472721481248
0,0,0.1161853658047413
0,0,0.023540517973132457
0,0,0.43479461360833366
1,1,0.7835753029206881
0,0,0.04216476688896278
1,1,0.8386571430142251
0,0,0.024703915727623565
0,0,0.053038219494710506
0,0,0.007226967026794718
0,0,0.029256320136963134
0,0,0.0435664944334955
0,0,0.005686466005810884
0,1,0.6326181139122948
1,1,0.850630750053268
1,1,0.5359095235889767
1,1,0.6146820071087359
1,0,0.4947813091745496
0,0,0.08639572890113213
0,0,0.2976972792267786
0,0,0.012867788853979423
0,0,0.00481245910951188
0,0,0.36806805198379533
0,0,0.005209696768820971
0,0,0.21773782050845575
0,0,0.021328690010819787
1,1,0.6104718335395375
1,1,0.6083261204536181
1,1,0.8254743803343284
0,0,0.014784805757414933
0,0,0.19310907741241676
0,0,0.029053878003174365
0,0,0.38447696010082405
1,0,0.1396450669441198
0,1,0.5262825772835115
0,0,0.1252770120198435
1,1,0.5473839099898884
0,1,0.662473762701035
0,0,0.002006675783933996
0,0,0.1800277471365972
0,0,0.016158875383482565
0,0,0.08619291333375385
0,0,0.03606315132239638
0,0,0.2818154435252766
0,0,0.05340730134453679
0,0,0.2347175009071304
1,1,0.6107523618595223
0,0,0.11077022320072344
0,1,0.5586872256170069
1,1,0.8884473794690513
0,1,0.741999265156555
1,0,0.3718148392524922
1,1,0.6845507224384608
0,0,0.0475907215192078
0,1,0.741999265156555
0,1,0.741999265156555
0,0,0.008846618609502492
0,0,0.02583869844604762
0,0,0.20883103280929255
0,0,0.06485934857182346
1,1,0.6878709528477742
1,0,0.44068264957314046
1,1,0.5638279501289956
0,0,0.0926209157818979
1,1,0.7562024761397258
0,0,0.1899375977441308
0,0,0.08271871222337608
0,0,0.3013780900717857
0,0,0.36667095087624035
0,0,0.1157401088867673
0,1,0.5681151214810991
0,0,0.017852076362700055
0,0,0.08036759988565075
1,1,0.5332383813824377
1,1,0.6362348280641394
1,0,0.43211226997715546
1,1,0.7093105581494162
1,0,0.25702902246894743
0,0,0.03929553187572836
1,1,0.560486920334833
0,0,0.3450559681680425
0,0,0.17877939835284096
0,1,0.8280384784007548
1,1,0.6188296024078421
0,0,0.01445126792527767
0,0,0.03337151407776936
0,0,0.28135057604093805
1,1,0.8504033612587102
1,0,0.43637865116930064
1,0,0.1583686795496562
0,1,0.8928809085212769
1,1,0.6654382734586718
0,1,0.7143855468079474
0,0,0.22299045993320993
0,0,0.019788469313878683
0,0,0.46332019484706877
0,0,0.2194916116670062
0,0,0.41886542808448424
0,0,0.3864090964874475
0,0,0.20515557959056102
0,0,0.013009358579353177
0,0,0.041166537321512625
0,0,0.03510597865142787
1,0,0.04365272954892672
0,0,0.05704581287124218
0,0,0.018506688493193757
0,0,0.018700648839918014
0,0,0.06697006502912063
0,0,0.0615207800859607
0,0,0.03128580996610549
0,0,0.011104850701110329
0,0,0.07936734313428898
0,0,0.011728583917820555
0,0,0.01916781411818141
0,0,0.02688388085683261
1,0,0.0229599732410691
0,0,0.06749393655907641
0,0,0.030630940108972188
0,0,0.012633852172096722
0,0,0.011617555788088929
0,0,0.021191660057588997
0,0,0.0071010613465470485
0,0,0.06312575502127987
0,0,0.13486815459762297
0,0,0.01450845066555861
0,0,0.030324089828660642
0,0,0.04626119188699025
0,0,0.0013745290556841764
0,0,0.0075223725844944045
0,0,0.009183981990189192
0,0,0.014243852726406745
0,0,0.020801447057682082
0,0,0.041911054105773206
0,0,0.017744397075228395
1,0,0.0606082435748443
1,0,0.24381666543494465
0,0,0.0019340239280891834
0,0,0.0041860516966774515
0,0,0.0011496452766288575
0,0,0.03761324827066705
0,0,0.04636268141341713
1,0,0.02912875337521827
0,0,0.005137662371666042
0,0,0.004355351503526303
0,0,0.03866587940374
0,0,0.005094432785544816
0,0,0.004977190869168736
0,0,0.009261348093354039
0,0,0.0048755434248083365
0,0,0.021312751778662604
0,0,0.005714038988840983
0,0,0.006024953053048994
0,0,0.00735929553295387
0,0,0.003950516604455155
0,0,0.0642892076161833
0,0,0.005421841313015159
0,0,0.012393751161984426
0,0,0.007270280457083599
1,0,0.037950323967316
0,0,0.06283006874310727
0,0,0.02125574831805351
0,0,0.030532668780224936
0,0,0.0011011708562210542
0,0,0.05569732042336288
0,0,0.018840587787401053
0,0,0.028781877650157505
0,0,0.0028163902801821347
0,0,0.005306018291600311
0,0,0.18677152119994117
0,0,0.03698222887268232
0,0,0.019470175087805467
0,0,0.07670067747260763
0,0,0.02601801941234978
0,0,0.07408818643528935
0,0,0.05649127627413376
0,0,0.015654916342341462
0,0,0.016034160524658045
0,0,0.006249072682733396
0,0,0.005942824361448081
0,0,0.03587248057838303
0,0,0.0037472379893197035
1,0,0.009872367810062722
0,0,0.007891807458630488
0,0,0.10072302558526645
0,0,0.044250087166529756
0,0,0.04552683504442696
0,0,0.008305920406694802
0,0,0.02149072366029626
0,0,0.009003687687103221
1,0,0.3980719521211755
0,0,0.4129348977152383
0,0,0.028435307012269807
0,0,0.009489723854018505
0,0,0.07751038926182686
0,0,0.19509745128168549
0,0,0.1597397981567702
0,0,0.33570135134216966
0,0,0.06039150288441486
0,0,0.001180258386285774
0,0,0.23190322386170983
0,0,0.1902062044624224
0,0,0.038560523867930054
0,0,0.00929564345678154
0,0,0.08191463411430208
0,0,0.017388772571770964
0,0,0.010526027754863502
0,0,0.03941644426187381
0,0,0.07821990713530773
0,0,0.01358084219103341
0,0,0.14557992249251248
0,0,0.06686679070165014
0,0,0.001873674417329734
0,0,0.10808716777476321
0,0,0.03219184626196324
0,0,0.1261383193648409
0,0,0.021050524489770458
0,0,0.17640625800478202
0,0,0.06223616928197895
0,0,0.0016394030644538305
0,0,0.00835781666039668
0,0,0.008680909228442517
0,0,0.009103567061490275
0,0,0.0019837773687925394
0,0,0.02073043793689526
1,0,0.04405154425069099
0,0,0.1175353648920082
0,0,0.14907947861577078
0,0,0.0015367489455072783
1,0,0.02214700789824921
0,0,0.0808356639331138
0,0,0.06737455039398205
0,0,0.12308349353288972
0,0,0.04532421000492936
0,0,0.04282168192764953
0,0,0.046452764991165754
0,0,0.06112724127719103
0,0,0.20486556734567124
0,0,0.2883239583309044
0,0,0.05273664521269935
0,0,0.04868013817370385
0,0,0.21799493445658835
0,0,0.03406354281868136
0,0,0.27559766514138373
0,0,0.09643095079770797
0,0,0.13224868810057097
1,0,0.09570808559301808
0,0,0.053534631284867185
0,0,0.14101121316991216
0,0,0.049319127208052545
0,0,0.05473448943032687
0,1,0.5784275294802492
0,0,0.013962496542123908
0,0,0.039336497979963705
0,0,0.1611631783670224
0,0,0.04453501689591284
0,0,0.02392335550881945
1,0,0.00884065535253842
0,0,0.016108056597276377
0,0,0.2827098127767209
0,0,0.08105797890138772
0,0,0.034697307293123564
0,0,0.0038936648498466646
0,0,0.007786963812761701
0,0,0.0024159327185274363
0,0,0.11396347161099443
0,0,0.017209132069806128
0,0,0.020905208027471353
0,0,0.019481628458109215
0,0,0.047526447827818896
0,0,0.06529957542820801
0,0,0.06186892369865035
0,0,0.08226994694035525
0,0,0.1515067539850329
0,0,0.2217873875269542
0,0,0.07378215608860705
0,0,0.012099384921933985
0,0,0.31359748173775454
0,0,0.33032275193704147
0,0,0.024528831943728832
0,0,0.04557182634906373
0,0,0.029074774282319662
0,0,0.012218096662735042
0,0,0.08529785957294887
0,0,0.022536559461960752
0,0,0.012157575774000414
0,0,0.02163035537304958
1,0,0.075728835708577
0,0,0.025455312887473536
0,0,0.004458717872384384
0,0,0.017102145505813612
0,0,0.09301095702739143
0,0,0.00864706698039396
0,0,0.2339869082083071
0,0,0.16148840636955783
0,0,0.0068578668093886306
1,0,0.21136180799253304
1,0,0.34306608384336384
1,1,0.5535985015058692
0,0,0.004126463166450671
1,0,0.43233763361765487
0,0,0.009670108574264057
0,0,0.08669389107900427
0,0,0.03544746882098259
0,0,0.08914348442286961
0,0,0.0008691766580232091
0,0,0.017482326442996677
1,1,0.5150987345440742
1,0,0.023813306318385477
0,0,0.007060838167111723
0,0,0.010105559371367255
0,0,0.0032111764791069412
0,0,0.0663864598091481
0,0,0.02588455498982969
0,0,0.018903451487460383
0,0,0.012005502425171184
0,0,0.01601130622728185
0,0,0.08737089296754759
0,0,0.0106494351650248
0,0,0.010432534451119732
0,0,0.019953380194326204
0,0,0.013819861712571744
1,0,0.007817785440560254
0,0,0.09579643092975734
0,0,0.24002571243887497
0,0,0.40633073904585315
1,0,0.34653127574006587
0,0,0.21137259955465762
0,0,0.0980653523116881
0,0,0.03498109911309844
1,0,0.193393348230307
0,0,0.10180047722107015
1,1,0.5032507686817714
0,0,0.06763191444355053
0,0,0.08250819440518925
0,0,0.02783816767889111
1,0,0.42139644908121404
1,0,0.4857848157430779
0,0,0.14838059135392648
1,0,0.4115567419280054
0,0,0.08988217230421454
0,1,0.7999536317419796
1,1,0.7284426152946263
0,0,0.3771804571709988
1,0,0.3040003940100391
0,0,0.25768837896678076
0,0,0.46021380711141274
0,0,0.13048329061063263
1,0,0.2631808378055715
1,0,0.17481630135871878
0,0,0.3930399778688252
1,0,0.19572009686187056
1,0,0.23759065912367683
1,0,0.13888872115554185
1,0,0.3928016117154093
0,0,0.13342911501810878
0,0,0.10232023567056071
0,0,0.18280107389787922
0,0,0.22917513574034698
0,0,0.18897801910837256
0,0,0.044751189131400235
0,0,0.039495248924091814
1,0,0.12973386930867295
0,0,0.07675628589218388
1,1,0.8496054320239623
1,1,0.8681881712797002
0,0,0.05705989596581092
1,0,0.4936928007667054
1,0,0.25867027977937557
1,0,0.41968562109935054
0,0,0.35649203442512495
0,0,0.00942100532807739
0,0,0.014434079809061516
0,0,0.0060919423712187575
0,0,0.004448538885814415
0,0,0.00401237081517821
0,0,0.0017338122262513733
0,0,0.04744605588856715
0,0,0.04955468424312231
0,0,0.017145271606628168
0,0,0.012865829271776787
0,0,0.002382070135929785
0,0,0.0045445337180949055
0,0,0.012082382152035739
0,0,0.005516306716697355
0,0,0.018714068006908245
0,0,0.0017501027620753743
0,0,0.0471704093187694
0,0,0.013096183245073249
0,0,0.012946378767790331
0,0,0.010169263135748204
0,0,0.02978222142486865
0,0,0.05199439174885818
0,0,0.025487301202160483
0,0,0.00368291018348838
0,0,0.039160221614858284
0,0,0.038646323759302596
0,0,0.018729502769127097
0,0,0.014423555586983744
0,0,0.03291947265045144
0,0,0.001090759619752291
0,0,0.01399747602377306
0,0,0.022354091036193253
0,0,0.02353599461212061
0,0,0.0006715486871206555
0,0,0.010101252696339841
0,0,0.00568541520724954
0,0,0.0034370878021284077
0,0,0.06207257507298374
0,0,0.004634401253645907
0,0,0.004661791131749131
0,0,0.0045874415240496425
0,0,0.007945544373686216
0,0,0.06842908372659494
0,0,0.034478175807248726
0,0,0.024642285653954838
1,0,0.46816625584780924
0,0,0.14691693540228845
0,0,0.00569483821020905
0,0,0.0021580718297505622
0,0,0.004207599256558341
0,0,0.004401788508710601
0,0,0.01314275716567758
0,0,0.011092055687084369
0,0,0.01240210467637833
0,0,0.01291655219653545
0,0,0.006104034847628628
0,0,0.008431391469647118
0,0,0.017415228487183996
1,0,0.07519376378926827
0,0,0.019667634471962563
0,0,0.021394031759552772
0,0,0.0023511080754765653
0,0,0.0047620724964125075
0,0,0.0028581343505509078
0,0,0.03724992917453632
0,0,0.004005457080737863
0,0,0.0019037321575418327
0,0,0.03994188657491057
0,0,0.014441078120113847
0,0,0.09377016220303165
0,0,0.004363118440351448
0,0,0.00972742390280154
0,0,0.0060965007087611075
0,0,0.009329316907717598
0,0,0.0009970123328321165
0,0,0.05582508065416964
0,0,0.03678519712907969
0,0,0.0017495885011332252
0,0,0.08509209523095257
0,0,0.08902640866731973
0,0,0.1611728598231115
0,0,0.10469521028744393
0,0,0.003576754986563341
0,0,0.007939964200280713
0,0,0.03602990443109172
0,0,0.11779949286387441
0,0,0.008106184779359604
0,0,0.0008240466931766025
0,0,0.005740461576816104
0,0,0.006822338287404353
0,0,0.006656020645440633
0,0,0.19521827218284735
0,0,0.1618802398220807
0,0,0.13954906602961337
0,0,0.06171152959021984
0,0,0.1028847407178517
0,0,0.01817789491571354
0,0,0.20353292735874665
0,0,0.02541739612507942
0,0,0.04899706058306
0,0,0.008389686628799489
0,0,0.0813351389451235
0,0,0.058060305511131616
0,0,0.20876139009150654
0,0,0.026286960357484495
0,0,0.03531816380253702
0,0,0.09743607557072925
0,0,0.008050339128510263
0,0,0.024753855471374205
1,0,0.025689226956697654
0,0,0.05753256923121485
0,0,0.13195090396198408
0,0,0.10322863517845866
0,0,0.00774505446026809
0,0,0.013817633221093877
0,0,0.18781144790924753
0,0,0.2849249251848969
0,0,0.031274933910574385
0,0,0.14065390471246178
0,0,0.03016845872421709
0,0,0.03050447561893822
0,0,0.04556752662453202
0,0,0.24822849164322486
0,0,0.03672962748947473
0,0,0.07908300211425703
0,0,0.08633665649610676
0,0,0.006895689641183629
0,0,0.019898836681340022
0,0,0.2620293403752261
0,0,0.0678695828041978
0,0,0.0593040039193364
0,0,0.28581509539210154
0,0,0.07389970736787622
0,0,0.055656223998709
0,0,0.002082208377201021
0,0,0.33804831808308544
1,0,0.011041009641998103
0,0,0.006795266366425599
1,0,0.18086790867642533
0,0,0.40900816513953875
0,0,0.05387763322890007
0,0,0.012571114912956986
0,0,0.08721316888514173
0,0,0.012420539637245206
0,0,0.029481733428692727
0,0,0.05425177430112608
0,0,0.0269442093843444
0,0,0.06088173396088824
0,0,0.01007718656358673
0,0,0.10944704029262987
0,0,0.3617290163030738
0,0,0.0347747501010601
1,0,0.01843744376359767
1,0,0.15334216999242617
0,0,0.01053294605201913
0,0,0.011247450839826735
0,0,0.0590854905748183
1,0,0.18057511327223152
0,0,0.08607894229237993
0,0,0.006305828234193457
0,0,0.017077193344025143
1,0,0.03851191796007479
0,0,0.03966430718871051
1,0,0.009755226578516796
0,0,0.01608440638519863
0,0,0.012833881504828669
0,0,0.0765552414700382
0,0,0.08298212584728296
0,0,0.16910871300460814
0,0,0.03394172385506607
0,0,0.20373799889369432
0,0,0.012532179694387838
0,0,0.10457475162618111
0,0,0.020119095037046116
0,0,0.01381292422003116
0,0,0.013110570590004898
1,0,0.055215088239407184
0,0,0.014071135321989704
0,0,0.11063146162127104
0,0,0.02601761705150225
0,0,0.2288049640280724
0,0,0.030349348147573646
0,0,0.11720891927852455
0,0,0.02462340936395076
0,0,0.04101395954420875
0,0,0.0154608078318731
0,0,0.11266988136588478
0,0,0.09503778424703786
0,0,0.11578017302346455
0,0,0.04345821329082495
0,0,0.022272936981248936
0,0,0.0259132005353229
0,0,0.04783171791704556
0,0,0.04642659347813832
0,0,0.10125422597165812
0,0,0.001611481258015007
0,0,0.44409552627555243
0,0,0.054647275190379596
0,0,0.028770093633649286
0,0,0.0037499369991082433
0,0,0.002253009170921176
0,0,0.35784678665583575
1,1,0.7594129106814919
0,0,0.06190435432875472
0,0,0.043364246085785686
0,0,0.02859489572353487
0,0,0.11673560409677904
0,0,0.08800379921781616
0,0,0.05816002701912155
0,0,0.07615107500828466
0,0,0.04701293426407436
1,0,0.2051707090710196
0,0,0.06802101632554726
0,0,0.07073733511807731
0,0,0.0010718993305732563
0,0,0.18952266188636227
0,0,0.3500224484114599
0,0,0.05634496895838125
0,0,0.035905483853947096
0,0,0.04510370778783783
0,0,0.023566685597488
0,0,0.08509616949317092
0,0,0.0634596075998798
0,0,0.03285123156099246
0,0,0.02932669695467208
0,0,0.03337774819205172
0,0,0.01078298357161835
0,0,0.23128915306810013
0,0,0.32821594458135167
0,0,0.04239302110514598
0,0,0.03431087598917006
0,0,0.12348921356259378
0,0,0.0038056046219725145
0,0,0.028508910716478982
0,0,0.32262395268354793
0,0,0.050147868279510836
0,0,0.046222250834971446
0,0,0.12769051943933535
0,0,0.035580404287820444
0,0,0.014827106275607372
0,0,0.01898428578336911
0,0,0.0122241076614299
0,0,0.020990259061210093
0,0,0.10889504193244243
0,0,0.017852425754031828
0,0,0.01462187825598048
0,0,0.055305622212668985
0,0,0.010962596320352472
0,0,0.037180123771291096
0,0,0.024217098591670795
0,0,0.010556899838511307
0,0,0.008043887854969376
0,0,0.09429692777655123
0,0,0.015406764379254045
0,0,0.03880788485017288
0,0,0.016310160255202426
0,0,0.09646471354951631
0,0,0.021179804972892863
0,0,0.017479516110834977
0,0,0.06098500416411684
0,0,0.034580829844674456
0,0,0.11558299580986255
1,0,0.45442842514197274
0,0,0.018826982324330457
0,0,0.3594063618991859
0,0,0.25440581782417016
0,0,0.01114175322845618
0,0,0.03498291381154065
0,0,0.033021758676540926
0,0,0.04036613422453231
0,0,0.007550645796433765
0,0,0.04485607737976676
0,0,0.030135894304727587
0,0,0.02477619085727784
0,0,0.015794057682886754
1,0,0.02932483351984856
1,0,0.021213883546208203
0,0,0.0028945966332981346
0,0,0.01317409593784214
0,0,0.03571441478060922
0,0,0.0820057701671164
0,0,0.02690439251078441
0,0,0.003402671802261063
0,0,0.002552343698831762
0,0,0.015639822099196055
0,0,0.02077209200852829
0,0,0.09482405620419311
0,0,0.02775544855391322
0,0,0.11786214040081976
0,0,0.0021904154498654
0,0,0.005103889493754474
0,0,0.07048206099017149
0,0,0.05331991490886095
0,0,0.22537239092225192
0,0,0.12537262388316783
0,0,0.07777553916051895
0,0,0.07806393931416869
0,0,0.018687677384532742
0,0,0.015440084237710486
0,0,0.006726190206198022
0,0,0.0063393167471149465
0,0,0.16775953346300654
0,0,0.0015805760388362645
0,0,0.0060124305305961695
1,0,0.18531535019065398
0,0,0.016863574666800985
0,0,0.008905135612079526
0,0,0.02355256596362316
0,0,0.00917042197348789
0,0,0.006374248084345766
0,0,0.025091514857275312
1,0,0.16014789633298557
0,0,0.0057075011750821495
0,0,0.03739891314624815
0,0,0.13047253268427683
0,0,0.0071234623623847755
0,0,0.1116375503067787
0,0,0.002739464870270028
0,0,0.0006856209517102822
0,0,0.03296447322066623
0,0,0.05594171742950384
0,0,0.18627632039512781
0,0,0.2775445427149107
0,0,0.014583592441717783
0,0,0.23783668826425894
0,0,0.27973281481017764
0,0,0.20409642657775226
0,0,0.0064117535363462
0,0,0.03832125332476226
0,0,0.02017454963422902
0,0,0.10594161978776204
0,0,0.08559277387570877
0,0,0.08360691152299404
0,0,0.08018635115651229
0,0,0.01121395184835072
0,0,0.017783004835004536
0,0,0.026866903982488106
0,0,0.1304985057196025
0,0,0.06134865825592104
0,0,0.03387746915792224
0,0,0.05145052144015369
0,0,0.07001049115650901
0,0,0.03592925116918916
0,0,0.04325023156292431
0,0,0.007313745790511429
0,0,0.05103434867030379
0,0,0.005994933556737547
0,0,0.11416927322434817
0,0,0.026573263320757344
0,0,0.014772182970419018
0,0,0.05751772916719282
0,0,0.08695472652581213
0,0,0.0021150844071035724
0,0,0.12213196365151666
0,0,0.014841367777172142
0,0,0.022005978849652545
0,0,0.05541341068550191
0,0,0.011745187480805051
0,0,0.024529658552850126
0,0,0.011434313065966976
0,0,0.15481614045120676
0,0,0.030053787337797788
0,0,0.019446912519081375
0,0,0.11608836876427743
0,0,0.013863311466905793
0,0,0.03481548350166224
0,0,0.029268500041094173
0,0,0.009657019777456654
0,0,0.007424193429468219
0,0,0.1284633367207604
0,0,0.00741941043208915
0,0,0.005896114479409651
1,0,0.06428211253455805
0,0,0.10764159992316596
0,0,0.0048473868169123845
0,0,0.14482535139913671
0,0,0.14151132161458224
0,0,0.11268337816211628
0,0,0.06735540519601009
0,0,0.0365077352661186
0,0,0.15377137870319177
0,0,0.06993177645724742
1,0,0.02914765861947755
0,0,0.05051387729988405
0,0,0.010991743050477738
0,0,0.011249461092899215
1,0,0.2846632685996898
1,0,0.004470200376943959
0,0,0.05622854245005612
0,0,0.013652120803344702
0,0,0.019390126773118167
1,0,0.022332071490075826
0,0,0.028869748946534296
1,0,0.037671937974698144
0,0,0.006866815250887359
0,0,0.040864577680970134
1,0,0.01881925745060758
0,0,0.300509419101781
0,0,0.010981621546354431
0,0,0.21937826337120797
0,0,0.02152567453821169
0,0,0.4792003977137994
0,0,0.013492044199477225
0,0,0.054960454032775385
0,0,0.01691120729459098
0,0,0.03681884801771198
0,0,0.03457131365548769
0,0,0.17122469183638675
0,0,0.14496762634511434
0,0,0.020319125199283635
0,0,0.05011871566298858
0,0,0.034879646381002785
1,0,0.0127407602889375
0,0,0.010057971629207976
0,0,0.02022772624043602
0,0,0.016193234190336272
0,0,0.10831237730093611
0,0,0.06327649884572682
0,0,0.0019654167570396634
0,0,0.04520046400883361
0,0,0.006373841805181445
0,0,0.01759079814428465
0,0,0.12514859290643907
0,0,0.0134964861750684
0,0,0.015012659835798506
1,0,0.24831755122112417
0,0,0.04737554163751258
0,0,0.034190329312061125
0,0,0.15406263472433487
0,0,0.19933369898253
0,0,0.0344877732569009
0,0,0.006061778331627276
0,0,0.00545120603630085
0,0,0.007963897262120542
0,0,0.333197711771482
0,0,0.02455545088188966
0,0,0.11891532599641229
0,0,0.011111091378486935
0,0,0.03472227525734931
0,0,0.13587468251523635
0,0,0.15502016085501433
1,0,0.22053847821100106
0,0,0.10358854712185926
0,0,0.23923939942539307
0,0,0.0777093492274733
0,0,0.005914598432165932
0,0,0.004577566472166473
0,0,0.07679969499372068
0,0,0.008511837475617394
1,0,0.03757920002299344
0,0,0.21976448645904223
0,0,0.021805322867955067
0,0,0.1317682293567355
0,0,0.07743794104625171
0,0,0.09491037944385392
0,0,0.061477480523912546
0,0,0.005286711240039864
0,0,0.06172243079841624
0,0,0.07588410355221364
0,0,0.31953902537038276
0,0,0.4675659848927171
1,0,0.1002945878645198
0,0,0.07788905629004782
1,0,0.137088717363727
1,0,0.3077209568330993
0,0,0.07084449235444437
1,0,0.34250631179551794
1,0,0.4992054795314816
0,0,0.09704090325240576
0,0,0.16585046340859816
1,1,0.5860970670688515
0,0,0.3132393338769004
1,0,0.41883150463411234
1,0,0.29028754064024265
0,0,0.34446313948939183
0,1,0.5872360856168448
1,0,0.33634891879453216
0,0,0.3676591268390042
1,0,0.35852877527943655
0,0,0.02515073383597783
0,1,0.744670281285994
0,0,0.0007116029466242054
0,0,0.020594560800456976
1,1,0.6881470155859106
0,0,0.03491395183453792
0,0,0.01584521961981737
0,0,0.03929606425639474
0,0,0.04570742223743694
0,0,0.14153131776766506
1,0,0.0026626942092882098
0,0,0.015268783504826428
0,0,0.15050127203085
0,0,0.016141058272192917
1,0,0.11643305852430606
0,0,0.18014619151418815
0,0,0.06373961545989121
0,0,0.41140161338225156
0,0,0.04196537110910759
0,0,0.0010979280162163884
0,0,0.027087797661609375
0,0,0.02053067572114346
0,0,0.1766684124714529
0,0,0.32674489359470904
1,0,0.15276234107840717
1,1,0.5628514535971787
0,0,0.17761829571800727
1,0,0.1053762069234347
1,1,0.5267138181872124
1,1,0.642979041633297
1,1,0.7537939529921245
0,0,0.3142439060186808
1,1,0.7826854403646103
0,0,0.2543589775972353
0,0,0.040255870835601774
0,0,0.050290795386022207
1,1,0.5288537164746474
0,0,0.025575558799724146
0,0,0.060830307623541274
0,0,0.03487542779831477
1,1,0.5169816555531958
0,0,0.16428411919045877
1,0,0.23867880125354637
1,0,0.32132631141757884
0,0,0.23784087579670354
0,0,0.3012939155390501
0,0,0.037739265532938805
1,1,0.7899833026787403
0,0,0.06877354358683078
1,1,0.8455696951567644
0,0,0.09477769851201286
0,0,0.19467966760654518
1,0,0.35266446908896115
0,0,0.25106256442681274
1,1,0.5031831852281595
1,0,0.3983327875284372
1,1,0.5420450879464065
1,1,0.7423269654531601
1,1,0.5109057634912132
1,1,0.7120344380575131
0,0,0.08561845543234087
0,0,0.19193848856158627
0,0,0.08828667330186561
1,1,0.5616522237051254
1,0,0.19889441402083738
0,0,0.39799710883935635
0,0,0.07642261973068445
0,0,0.04612836447102751
1,1,0.5320256546870873
1,1,0.5234804677807595
0,0,0.01392188841782388
0,0,0.037308318974913914
0,0,0.14409713510974634
0,0,0.008663444977487453
0,0,0.03787733889591462
0,0,0.1995655137443718
1,0,0.09203418161666098
0,0,0.09183046206972631
0,0,0.09029130738759171
1,1,0.6064032828960616
0,0,0.04007224317569242
0,0,0.22634636076527861
0,0,0.050667046920246206
1,0,0.29714969749186804
1,0,0.16598943853802484
0,0,0.04692675084344547
0,0,0.0720237306204602
1,0,0.38254080664578466
0,0,0.05892239568527286
1,0,0.4828775233611259
1,0,0.16705463200663628
0,0,0.0628587832777428
0,0,0.06820958441129475
1,1,0.5996378068917337
0,0,0.21833866683100858
0,0,0.0574791985876253
1,0,0.35484099580856393
0,0,0.0713226573018357
1,0,0.32840766801634125
0,0,0.06967186573235669
0,1,0.5874875447252166
1,1,0.6893459996632104
0,1,0.6453411654473782
0,0,0.14801274392633637
1,0,0.32954008908287263
1,1,0.89542380330573
1,1,0.5837211143231013
0,0,0.27519461141752377
1,0,0.22587907055025408
1,0,0.3066057508538302
0,0,0.39244507172538734
0,0,0.21697970052098553
0,0,0.022292329448077606
0,0,0.08435456199957689
1,0,0.482834520493776
1,0,0.3692978678982628
1,0,0.1156501207491597
0,0,0.010331253797771493
0,0,0.05403578899958997
0,0,0.005375509049209578
0,0,0.038175331210586395
0,0,0.018309698664164122
0,0,0.10095061222732281
0,0,0.022874201433325324
0,0,0.037242050833238734
0,0,0.01125703396622087
1,1,0.7069612992274621
0,0,0.015743181401514185
0,0,0.013664319306479683
0,0,0.0473510587490807
0,0,0.04849983174471834
0,0,0.04949515973663558
0,0,0.034046143691286765
1,0,0.06920324538032056
0,0,0.13562194942737307
0,0,0.056405936579252684
0,0,0.12182173388651989
0,0,0.012521920455069904
0,0,0.0020587928865291078
0,0,0.03571754165521696
1,0,0.3480364112723771
0,0,0.1361426108931342
1,1,0.7198746093212728
0,1,0.5565417854331485
0,0,0.08286861109108469
0,0,0.12462064342826386
0,0,0.06060556593406111
0,0,0.03606145874888946
1,0,0.2916363513403824
0,0,0.03699883176492077
0,0,0.11709569913686549
0,0,0.04290353953906388
0,0,0.06641680821823752
1,0,0.21474208507857437
1,0,0.18883827464073205
0,0,0.27198798773736216
0,0,0.18130599287235435
0,0,0.11856265208103793
0,0,0.05098749860625489
0,0,0.14581070947995986
0,0,0.2796518208821889
1,0,0.34842357436035776
1,1,0.5438891342118913
0,0,0.10678076685150753
1,1,0.9498598964115622
1,1,0.774686818361202
1,0,0.36808321436458064
1,1,0.8610492222748195
1,1,0.9094442315735206
0,1,0.6609971041647443
0,0,0.40938178109944506
1,1,0.8925171061133962
0,0,0.03441967510587241
1,1,0.7530118565131289
1,1,0.7312243545032068
1,1,0.8419110327078242
0,0,0.3812264786145327
1,1,0.7997711546737513
0,0,0.09990928285067376
0,1,0.5167370445421476
1,1,0.9577589108669913
0,0,0.08477692802437592
1,1,0.7573872734316138
0,1,0.7168972974452308
1,0,0.10530817512863802
0,0,0.17214150555001298
1,1,0.6064204891623551
1,1,0.611610218732316
0,0,0.05696564588232356
0,0,0.17574733033465859
1,0,0.43378710884122584
0,1,0.7481034106467621
0,0,0.38992662088876306
1,0,0.46161058541949224
0,0,0.10947194401566089
0,0,0.0340638492362388
0,0,0.02993570398078751
1,0,0.2638016919202949
0,0,0.043697258556402996
1,0,0.18885235349074883
0,0,0.06556929639317849
0,0,0.03134940083247876
1,1,0.7628331598266238
1,1,0.8369361383914339
0,0,0.44442829869724787
1,1,0.8478589852920116
1,1,0.9314965401983372
1,1,0.7961714031818591
0,0,0.09679930443083969
0,0,0.2451748823483968
0,0,0.3580223574089313
1,1,0.7755485357545283
0,0,0.08432172150929045
0,0,0.05240250252975888
0,0,0.17230273068691335
1,1,0.8977513419834263
0,0,0.08462721144283976
0,0,0.052006277267283706
0,0,0.041665881973647886
0,0,0.1521607489922333
0,1,0.7949557198523353
1,1,0.8354785029259015
0,0,0.24513568476089856
1,0,0.37847199068372744
1,1,0.68053386295731
1,1,0.8314375152639928
0,0,0.1721193059081962
1,0,0.4870782745675534
0,0,0.46165519055647936
0,0,0.3704046879911931
0,0,0.3466063097050757
1,1,0.8462968697752272
1,1,0.9635003009422998
0,0,0.43353678701812004
1,1,0.8215076092579371
1,1,0.9003081127693892
1,1,0.7564817040576405
0,1,0.7551153023066864
1,1,0.7753448638779019
1,1,0.9151763388796195
1,1,0.943142083235742
1,1,0.9210582493979909
1,1,0.8859466930480198
1,1,0.9202470064711125
1,1,0.9147193675082311
1,1,0.9185205474880067
1,1,0.9573112851559404
1,1,0.9485771206284376
1,1,0.668048771814945
1,1,0.884125032945747
1,1,0.817155623675569
0,0,0.23741118166342867
0,0,0.35144645322516715
0,0,0.48564671885145866
0,0,0.033196011700402824
1,1,0.6905932422392469
0,1,0.5905473103783624
0,0,0.4861334653329945
0,0,0.3452264635982205
0,0,0.45085549249441936
0,0,0.39273495814812176
1,0,0.3609908715718103
1,1,0.5235263593708782
0,1,0.5074284027951185
0,0,0.007365413713285815
0,0,0.008232095621513717
1,0,0.3311989027016358
1,0,0.15922164513101653
1,0,0.40259723024230193
1,0,0.41279533004290375
1,0,0.22720162569850463
0,0,0.1152991232094209
0,0,0.35899929797000885
0,0,0.2547052369391329
1,0,0.401946031738425
1,1,0.6643125543638673
0,1,0.7789612318307654
0,0,0.23336659555774264
0,0,0.407956320642153
0,0,0.02839921935966402
0,0,0.03810781193964488
0,0,0.07853471894128841
1,0,0.38546269566444513
1,1,0.887724314675349
1,0,0.04189993513325076
1,1,0.6977341905427913
1,1,0.6412145546288569
0,0,0.17917436723189403
1,0,0.2976235011476405
1,1,0.6690707632240035
1,1,0.7548743150704247
1,1,0.748285496448771
1,0,0.4630965925891865
1,0,0.23245605321860557
0,0,0.3272078780564544
0,0,0.17134208572177798
1,1,0.801766214364013
1,0,0.33040925192325454
0,0,0.05412205757833207
1,1,0.8399925343456887
0,0,0.17910190293554942
0,0,0.12695789975596428
0,0,0.04420782179838064
0,0,0.1145622539946699
0,0,0.12596097638626527
0,0,0.08489667219846811
0,0,0.018822723916036156
0,0,0.12381636527631416
1,1,0.554928602695763
1,0,0.36609972749453296
0,0,0.2778227185359489
0,0,0.3869649744946339
0,0,0.07893048097886153
0,0,0.03741902093547713
1,1,0.647855596943877
1,1,0.5250765563536147
1,1,0.563802657416544
1,0,0.463176726541406
0,0,0.3675986179065939
0,0,0.20404488572696028
0,1,0.5207031483132286
1,1,0.6731180220241161
1,1,0.8259812305913647
1,1,0.833037766731187
0,1,0.6869018173073949
1,1,0.59193341807543
1,1,0.8040790248369519
1,1,0.6477010234750492
1,1,0.6000053298137364
1,1,0.7492278678932288
1,1,0.7765902096263335
1,1,0.7408006298910181
0,0,0.484497506275839
0,1,0.8106774478227446
0,1,0.6101298431837872
1,1,0.7502542569895845
1,1,0.809188412722241
0,1,0.6468718731574079
1,1,0.7864008001629761
0,1,0.5012788025620234
0,1,0.8470479295962755
1,1,0.8245268925183094
1,1,0.831356507900436
1,1,0.5958851255076518
1,0,0.25861818343769893
0,0,0.18842918654386356
0,1,0.6824618581777029
1,0,0.20775349124912923
0,0,0.08867955222572219
0,0,0.20068976786610165
0,0,0.029189387363286984
1,0,0.31361906393029376
0,0,0.04897984721058193
1,0,0.25244163337062425
0,0,0.11892225879478902
1,1,0.5053963066439167
0,0,0.23140296986791511
1,1,0.5788478384469052
1,0,0.35485591839756614
0,0,0.08128210636089411
1,0,0.2575997772636694
0,0,0.20990469791475228
1,0,0.427216003541207
0,0,0.38322092561836907
1,1,0.6242239145433157
0,0,0.019346054217278124
1,0,0.48993403254595547
0,0,0.3590219920782963
0,0,0.31788653955086127
0,0,0.06540462870037692
1,1,0.6166520098888376
1,1,0.7076552198137794
0,0,0.1989155620230104
0,0,0.1368635975025091
0,0,0.10798715119945113
1,0,0.3246959827367814
0,0,0.06895773178775831
1,0,0.28030433542894345
1,0,0.3705648395162305
0,0,0.08224099131350315
0,0,0.03524718615739306
1,1,0.5017793923584755
1,0,0.1957726709493521
0,0,0.3074120435348973
0,1,0.5417837364146715
0,1,0.7666045226583819
0,0,0.05191150687996513
0,0,0.3396698713097994
0,0,0.08048549649347532
1,1,0.7580155487244081
0,0,0.11523508994872372
1,1,0.5608953852388489
0,0,0.443505045402414
0,1,0.5708570800035228
0,0,0.4166782270504347
0,0,0.12287543279524024
0,0,0.4834718412912107
0,0,0.054703509292379014
1,0,0.16857613390323814
0,0,0.034323148766694046
1,1,0.8327003978497475
0,0,0.17005103550009137
0,0,0.22834411657983994
0,0,0.08395602283470163
0,0,0.05181763496310711
1,0,0.2539401613279691
0,0,0.023309925085731122
0,0,0.22645216886619093
0,1,0.7775262476514854
0,0,0.3116988826563622
1,0,0.42691400066704627
0,0,0.06687639167224527
1,0,0.2529695114065965
1,0,0.48688683579457326
0,0,0.08688690074138844
0,0,0.4281753308278273
1,0,0.04936101925471377
0,0,0.2231714386562815
0,0,0.25067308319859927
0,0,0.09160635967919337
0,0,0.027721066809274164
0,1,0.500092880315806
0,0,0.05375349915142972
1,0,0.4032243383723397
0,0,0.0403846972583032
0,1,0.5283411950686955
0,0,0.03422851012384122
0,0,0.05774778425145805
1,0,0.26470920391420194
0,0,0.30244909178859186
0,0,0.21018467027070448
0,0,0.13107599918247365
0,0,0.08684290290144824
1,0,0.46918957533646355
1,0,0.27214825916076274
0,0,0.11791968745527759
0,1,0.5317875578827318
0,0,0.289551536375029
1,0,0.17144949475382304
0,0,0.06028033321225693
0,0,0.2828433870475086
0,0,0.2412466888273382
0,0,0.030671920151260183
0,0,0.017182635212774584
0,0,0.2390124236940482
0,0,0.07162594298918713
0,0,0.08858872921686668
1,0,0.2599122764445887
0,0,0.25363076316998134
0,0,0.1034835467835693
1,0,0.20330236980262278
1,0,0.22593196824826897
0,0,0.1216470028975591
0,0,0.45502814132500036
0,0,0.32243591163096164
0,0,0.12938414419619942
0,0,0.15943596177368521
0,0,0.06631032041246711
0,0,0.22765068673804925
0,0,0.2117633307048453
1,0,0.46314185640852223
0,0,0.21848752235995553
1,1,0.9019929854786597
0,0,0.22066463017982565
1,1,0.8583678314046205
0,0,0.3031305442268925
0,0,0.21341194767844035
1,0,0.4917779355432599
0,0,0.17062805595385552
0,0,0.10858919795530697
0,0,0.018765787400139275
0,1,0.6763793599332323
0,0,0.477738818760493
0,0,0.37780556219151984
0,0,0.023143863161635508
0,0,0.09558054383659019
1,0,0.47351331827047327
0,0,0.26554868654829955
0,0,0.06374549852182991
0,0,0.05071552707429444
1,1,0.858614417369977
1,0,0.21883272249075988
0,0,0.051838287350825255
0,0,0.09809108235102293
0,0,0.39228013126815997
0,0,0.09352484638397782
0,0,0.06466053668094231
0,0,0.2507836900757572
0,0,0.10288916343940252
1,0,0.31794844991073007
1,0,0.33445397368112884
0,0,0.06066702985837936
1,0,0.20547248538284754
1,1,0.5273452053876321
0,0,0.4661103707482084
0,0,0.37812843708692995
0,0,0.1271089284270587
0,0,0.33781782036938485
0,0,0.3111869560279431
1,0,0.2795862526663813
0,0,0.17849735359145522
0,0,0.19835828886294998
0,0,0.14132792822910012
1,0,0.04346746456845592
0,0,0.13306723226018088
0,0,0.2926327487651612
0,0,0.129988949635308
0,0,0.2105995280565749
0,1,0.7204999529469167
0,0,0.2925174383321632
0,0,0.054693031324557835
0,0,0.10268796725278483
0,0,0.015780721037487306
0,0,0.07939502130327138
1,0,0.27896144757354113
1,1,0.5601081116561127
0,0,0.012987398497895666
0,0,0.06516558444293429
0,1,0.617544962960101
1,1,0.8291310920667532
1,0,0.46648923894659816
1,1,0.6434838309362475
1,0,0.17811772785865176
0,0,0.017136548541362227
0,0,0.04066071898231051
0,1,0.549076910554077
1,1,0.8732958253466406
0,0,0.04778151557230389
0,0,0.2986424446718464
1,0,0.24784905047357061
0,0,0.35591544434759753
0,0,0.2697745592071004
1,1,0.621574373146143
0,0,0.066540842055445
0,0,0.12475745903779126
0,0,0.1219965107868156
0,0,0.11367065627737968
0,0,0.1321266396366741
0,0,0.05403592271166176
1,0,0.47666183190008005
0,0,0.31042533828887237
0,0,0.060574976271525985
0,1,0.6353565535680199
0,0,0.21576637474154414
0,0,0.4915958517325144
0,0,0.20729454531756136
0,0,0.06392609348963478
0,0,0.11305432536182475
0,0,0.06291712031685877
0,0,0.12569798103324542
1,0,0.42551991533226063
0,0,0.07176524029503847
0,0,0.4847929650718037
1,0,0.43378031791081695
0,0,0.3392459392731586
0,0,0.09702463410952987
0,0,0.03600843359883939
1,0,0.27603576692282716
0,0,0.21199847826420545
0,0,0.03592213768981912
0,0,0.4878450827453872
0,0,0.038669823394232035
1,0,0.05080009593232337
1,0,0.22247798374219022
0,0,0.02827424682469833
1,0,0.2713767846641394
1,0,0.2815659384928431
0,1,0.7544672986920953
0,0,0.37436956598809495
0,0,0.44411770145293583
1,1,0.9029698514787002
1,1,0.9339316538895583
0,0,0.15212304820164044
1,1,0.722997451121645
0,0,0.20816734839888873
0,0,0.18907228683771346
0,0,0.04988505792786768
1,0,0.24503610803916676
1,1,0.5297026052132728
1,1,0.6238113988783487
1,1,0.5552587946143395
1,0,0.49143362466111673
0,1,0.6941674594675167
1,1,0.7599467190458925
0,0,0.19919333361070407
0,0,0.19902680457332486
0,0,0.018489604928814445
1,0,0.16389623635582773
0,0,0.19838373665022807
0,1,0.8229895409505041
0,1,0.7540281355075419
1,1,0.5172741162207211
1,1,0.5705659743694342
0,0,0.042054064407254864
0,0,0.4421990859282696
0,0,0.268280041983092
0,0,0.15640236929604692
1,0,0.12601825557034366
0,1,0.5603608409926611
0,1,0.5146401393985179
1,1,0.5307627176799795
1,1,0.8198150023194506
1,1,0.844128918507858
0,0,0.07189254825244099
0,0,0.05594700890433357
0,0,0.49841074374764477
0,0,0.04852979951485841
1,0,0.06049795244380034
1,0,0.21105892216425193
0,0,0.03187406287343908
0,0,0.19443462844963022
0,0,0.35005443395489944
0,1,0.5407037908222955
1,1,0.5979171687176791
0,1,0.8946387654205264
0,1,0.8137487963621923
0,0,0.034619066564945684
0,0,0.14226610862892825
0,0,0.07295158125150489
0,0,0.20814244839308313
0,0,0.2617922600749652
0,0,0.3879979840839863
0,0,0.20517840030098647
1,0,0.05431564232763419
1,0,0.22984625107084916
0,0,0.32192844828812034
0,0,0.05696374151393553
0,0,0.10348896745161973
1,0,0.2007827754088757
0,0,0.3191592288857619
1,0,0.13124181213878164
1,0,0.01667762339561516
0,0,0.34155073237011807
0,0,0.1122299126490372
0,1,0.7002671046551728
1,0,0.310842049663103
1,0,0.4184923925488687
1,0,0.14170802442484082
0,0,0.32919318309250795
1,0,0.3151581572230891
1,0,0.11415991806556426
1,0,0.09345164350572985
1,0,0.07616054838414864
0,0,0.4494514217745269
0,0,0.11466040774791399
0,0,0.3599993175383084
0,0,0.09856188252050173
0,0,0.010510503601662438
0,0,0.037724425973552474
0,0,0.06750481793249898
0,0,0.33118927659619507
0,0,0.03332663545607203
0,0,0.06916843492527176
0,0,0.025466835343037533
0,0,0.016440351263534533
0,1,0.6478576329422565
0,0,0.019653652648111142
0,0,0.017777860719785644
0,0,0.09609750834713889
0,0,0.1343584921647622
0,0,0.48794151174597983
1,0,0.1172437603974061
1,0,0.08815936535134673
1,0,0.21638741563513392
0,0,0.31921660920851974
0,0,0.18174777997019365
0,0,0.06461702718022483
1,0,0.3644766600556111
1,1,0.6554740122812603
0,1,0.5076113576468329
1,1,0.5126690224137034
0,0,0.11067900137449192
0,1,0.730709818558185
1,1,0.7804507762798574
0,0,0.42567880587079615
0,0,0.10889096985688185
0,0,0.37333552266041153
1,0,0.3427348674193523
0,0,0.015137852308704536
0,0,0.1301427655276495
0,0,0.1236890948650737
0,0,0.1958355116729564
0,0,0.015195288425834133
0,0,0.01579082763806029
1,0,0.1028575094540999
1,0,0.4718735021324077
0,0,0.21043322014387786
1,0,0.3256525482187935
0,0,0.3651592452909235
0,0,0.1920232758710558
1,0,0.1826776815318086
0,0,0.199859927030943
0,0,0.052938077475013515
0,1,0.8701139513564107
1,0,0.4390178582755593
1,0,0.35165249917511676
0,0,0.1343046188398841
0,0,0.26467474483923153
0,0,0.04468360606824952
0,0,0.18058839961167492
1,0,0.16463086830499854
0,0,0.03189309676812143
0,0,0.07190732218292778
1,1,0.8756995074719154
0,0,0.14681855328388668
1,0,0.16422845837611064
0,0,0.2934588005531716
0,0,0.33516976498866063
0,0,0.10883754341335501
0,0,0.05161222509131779
