project_code,number_of_months
060100093,3
108841,1
124199,1
171218,1
175860,1
180100210,2
180100221,3
180100242,3
210914,1
220100133,2
220100181,3
220100188,3
220100232,3
220100257,3
220100265,3
220100272,3
220100284,3
220100288,3
220100303,3
220100305,3
220100314,3
220100328,3
222253,1
240484,1
245986,1
298178,1
317725,1
364934,1
400005,7
400006,4
400010,8
400012,8
400013,8
400018,8
400019,8
400022,8
400023,8
400033,8
400035,7
400043,8
400045,8
400047,4
400048,4
400062,8
400065,4
400073,8
400074,8
400077,6
400078,8
400081,6
400087,8
400093,7
400094,1
400095,7
400096,7
400097,7
400100,8
400101,8
400102,8
400103,8
400104,6
400105,7
400107,7
400109,7
400111,8
400112,7
400115,8
400116,8
400117,2
400119,8
400120,8
400121,8
400136,8
400138,8
400139,8
400141,8
400142,8
400144,8
400145,4
400147,2
400148,8
400149,8
400150,8
400151,8
400152,6
400153,8
400154,8
400155,8
400156,8
400158,4
400160,8
400161,6
400162,8
400165,8
400166,8
400167,8
400168,8
400169,8
400171,8
400172,8
400173,8
400174,8
400177,8
400178,8
400179,1
400180,8
400181,8
400182,7
400183,8
400185,8
400186,8
400187,8
400188,8
400192,8
400203,8
400204,8
400205,8
400220,8
400223,8
400231,8
400232,8
400234,5
400235,5
400247,8
400253,8
400254,8
400259,7
400261,8
400271,8
400273,8
400275,8
400277,8
400280,8
400291,8
400298,8
400299,8
400301,8
400312,8
400313,6
400315,8
400321,8
400352,8
400353,8
400354,8
400369,8
400382,6
400392,8
400416,8
400424,8
400425,8
400426,8
400429,1
425828,1
437130,1
462136,1
476006,1
478482,1
505491,1
547243,1
589703,1
601812,2
602096,8
602098,8
602099,8
602181,8
602182,8
602184,8
602185,8
602193,6
602194,4
602195,8
602223,8
602525,8
602532,8
602535,8
602538,8
602579,8
602582,8
602593,8
602633,6
602792,8
602797,8
602961,8
603210,2
603293,8
603945,8
604791,8
604792,2
604795,8
604833,8
604852,8
604853,8
604859,8
604863,8
605155,8
605156,8
605292,8
606013,8
606112,8
606431,8
606479,8
606781,3
607653,2
607701,7
607709,8
608301,3
608302,3
608922,3
609019,8
609041,2
609424,8
609736,8
609996,8
610315,8
610940,4
610984,8
610985,4
611016,7
611017,7
611047,8
611142,4
611440,1
611452,8
611495,8
611509,8
611570,8
611586,8
611602,8
611614,4
611615,4
611656,3
611657,5
611659,4
611660,3
611669,8
611698,8
611699,8
611716,2
611735,8
611737,3
611751,8
611752,8
611754,8
611798,3
611800,3
611849,6
611855,3
611861,8
611864,8
611884,8
611917,8
611918,8
611927,8
611929,8
611930,8
611937,4
611938,2
611939,2
611943,8
611944,6
611945,8
611947,7
611948,7
611949,8
611950,6
611951,6
611957,8
611961,2
611963,8
611966,8
611967,7
611969,2
611970,8
611971,8
611972,2
611973,2
611974,8
611975,2
611976,2
611977,8
611978,8
611979,8
611980,2
612063,4
612066,2
612068,2
612072,8
612096,8
612128,8
612132,8
612133,8
612134,8
612135,4
612138,8
612139,8
612140,8
612142,8
612151,6
612167,6
612178,4
612183,8
612185,4
612186,6
612188,5
612194,8
612201,5
612203,3
612211,6
612213,6
612239,2
612259,6
612513,6
612688,1
612745,6
612748,6
612781,8
612786,8
612787,8
612788,8
612789,8
612790,8
612791,8
612793,8
612815,8
612816,8
612819,7
612827,8
612834,8
612838,2
612845,2
612851,8
612853,8
612855,8
612856,6
612876,8
612877,8
612878,2
612883,8
612885,8
612894,8
612898,8
612916,8
612998,2
613002,8
613003,5
613008,8
613013,8
613015,8
613785,8
613786,8
613787,8
613788,1
613793,8
613794,8
613795,3
613798,8
613799,8
613800,8
613801,8
613802,8
613803,8
613804,8
613808,8
615183,8
615184,8
615185,8
615186,8
615187,8
615188,8
615189,8
615190,8
615191,8
615192,8
615193,7
615194,8
615195,8
615199,8
615202,8
615206,8
615327,7
615330,8
615331,8
615332,8
615333,8
615334,8
615335,8
615336,2
615337,8
615338,8
615339,8
615340,8
615342,8
615343,8
615344,8
615345,8
615346,8
615347,8
615349,8
615818,8
615820,8
615821,8
615822,8
615843,8
615857,8
615858,8
615859,4
615860,8
615861,8
615862,8
615863,8
615864,4
615865,8
615914,8
615915,2
615916,8
615917,8
615918,8
615919,8
615982,8
616044,8
616050,8
616221,2
616223,8
616225,8
616226,8
616227,7
616229,8
616230,8
616231,8
616232,8
616233,8
616234,8
616235,6
616236,8
616253,8
616254,8
616586,8
616587,8
616588,8
616594,8
616600,8
616604,8
616605,8
616611,8
616612,8
616615,8
616616,8
616670,8
616671,8
616672,8
616691,6
616694,6
616695,8
616696,2
616697,8
616699,8
616701,8
616702,2
616839,2
616840,2
616841,8
616842,8
616843,8
616856,8
616857,8
616858,8
616879,8
616886,8
616933,8
616950,8
616983,2
617068,8
617069,8
617179,8
617181,8
617182,8
617183,8
617184,8
617185,8
617186,8
617188,8
617200,8
617201,8
617206,8
617207,8
617210,8
617211,8
617212,8
617213,4
617214,8
617215,8
617216,8
617221,8
617224,8
617225,8
617226,8
617231,7
617233,8
617239,2
617240,1
617242,8
617243,8
617245,4
617246,8
617248,8
617249,8
617250,8
617251,8
617252,8
617253,7
617254,8
617255,8
617256,8
617257,8
617269,8
617270,8
617271,8
617272,8
617278,8
617279,8
617280,8
617282,3
617284,8
617287,8
617288,8
617290,1
617299,8
617302,8
617303,2
617304,8
617320,1
617321,1
617322,2
617326,6
617327,6
617333,6
617338,6
617345,6
617361,6
617364,6
617370,6
617372,6
617373,2
617374,6
617375,6
617379,6
617390,6
617391,6
617403,6
617404,6
617405,6
617406,6
617408,6
617409,6
617412,6
617413,6
617416,6
617422,6
617727,2
617729,2
617730,6
617764,2
617801,6
617802,6
617803,6
617804,6
617806,5
617807,5
617808,5
617818,5
617819,5
617822,5
617824,1
617827,5
617828,5
617829,5
617830,5
617832,5
617836,5
617837,5
617838,5
617839,5
617877,5
617878,5
617880,2
617882,5
617883,5
617885,4
617886,4
617887,4
617888,2
617889,2
617890,3
617891,3
617892,4
617893,3
617894,2
617895,4
617896,3
617897,4
617898,2
617899,4
617900,3
617901,4
617902,2
617904,4
617905,4
617906,3
617907,3
617908,2
617909,2
617911,4
617912,3
617913,4
617914,3
617915,4
617916,3
617917,3
617918,1
617919,4
617920,2
617921,4
617922,2
617923,3
617924,3
617925,4
617926,3
617927,3
617928,4
617929,4
617930,4
617931,2
617932,4
617933,3
617934,4
617935,4
617936,4
617937,2
617938,3
617939,2
617940,4
617941,2
617942,4
617943,2
617944,3
617945,3
617946,3
617947,4
617948,4
617949,4
617950,3
617951,2
617954,3
617955,4
617957,3
617958,4
617959,3
617960,4
617961,4
617962,4
617963,3
617964,4
617965,4
617966,4
617967,2
617968,4
617969,4
617970,3
617971,3
617972,2
617973,3
617974,3
617975,3
617976,4
617977,1
617978,2
617979,2
617980,4
617981,1
617982,3
617983,4
617984,4
617985,4
617986,4
617987,3
617988,3
617989,4
617990,3
617991,4
617992,3
617993,1
617994,4
617995,4
617996,3
617997,2
617998,4
617999,2
618000,4
618001,4
618002,3
618003,4
618004,4
618005,4
618006,3
618007,3
618008,3
618009,4
618010,2
618011,4
618012,4
618013,2
618014,2
618015,2
618016,2
618017,2
618018,2
618019,4
618020,4
618021,3
618022,3
618023,4
618024,4
618025,4
618026,3
618027,2
618028,2
618029,4
618030,4
618031,4
618033,4
618034,3
618035,2
618036,2
618037,4
618038,3
618039,3
618040,2
618041,3
618042,4
618043,2
618044,2
618045,3
618046,3
618047,2
618049,2
618050,3
618051,3
618052,3
618053,3
618054,4
618055,4
618056,4
618057,4
618059,4
618060,4
618061,3
618062,3
618063,4
618064,3
618065,4
618066,3
618067,3
618068,4
618069,3
618070,4
618071,4
618072,4
618073,4
618074,4
618075,4
618076,3
618078,3
618079,2
618080,4
618081,4
618082,4
618083,2
618084,4
618085,4
618086,3
618087,4
618088,2
618089,4
618090,3
618091,2
618092,3
618093,3
618094,4
618095,2
618096,2
618097,4
618098,4
618099,1
618101,2
618103,2
618104,4
618105,4
618106,4
618107,3
618108,4
618109,4
618110,3
618111,4
618112,3
618113,3
618114,2
618116,3
618117,2
618118,3
618119,2
618120,3
618121,4
618122,2
618123,4
618124,4
618125,3
618126,2
618127,3
618129,2
618130,2
618132,3
618133,4
618134,3
618136,3
618137,2
618138,2
618139,2
618140,2
618141,4
618142,3
618143,3
618144,3
618145,3
618146,4
618147,2
618148,2
618149,2
618150,2
618151,2
618152,4
618153,4
618154,4
618155,2
618156,3
618157,2
618158,2
618159,3
618160,3
618161,3
618162,3
618163,4
618164,4
618165,4
618166,4
618167,3
618168,4
618169,4
618170,2
618171,2
618172,4
618173,4
618174,2
618175,4
618176,3
618177,4
618178,2
618179,2
618180,4
618181,3
618182,2
618183,2
618184,3
618185,3
618186,4
618187,3
618188,4
618189,2
618190,4
618191,3
618192,3
618193,2
618194,4
618196,4
618197,4
618198,4
618199,4
618200,4
618201,2
618202,3
618203,3
618204,3
618205,3
618206,2
618207,2
618208,1
618209,2
618210,2
618211,2
618212,3
618213,2
618214,2
618215,2
618216,4
618217,4
618218,2
618219,2
618220,2
618221,3
618222,3
618223,3
618224,3
618225,3
618226,3
618227,4
618228,4
618229,3
618230,4
618231,4
618232,2
618233,4
618234,4
618235,2
618236,2
618237,3
618238,4
618239,2
618240,4
618242,2
618243,3
618244,3
618246,4
618247,3
618248,3
618249,3
618250,4
618251,3
618252,3
618253,2
618254,4
618255,4
618256,4
618257,4
618258,3
618259,3
618260,3
618262,3
618263,3
618264,3
618265,4
618266,4
618267,2
618282,4
618283,4
618284,4
618285,3
618286,4
618287,3
618288,3
618289,4
618290,4
618291,4
618292,4
618293,4
618294,3
618295,3
618296,4
618297,4
618298,4
618299,2
618300,4
618301,2
618302,4
618303,4
618304,3
618305,3
618306,3
618307,3
618308,4
618309,3
618310,2
618311,2
618312,3
618313,3
618314,4
618315,4
618316,3
618317,3
618318,3
618319,3
618320,3
618321,3
618323,3
618324,3
618325,4
618326,4
618327,3
618328,4
618329,3
618330,3
618331,3
618333,4
618334,4
618335,4
618336,4
618337,4
618338,3
618339,4
618340,4
618341,3
618342,3
618343,3
618344,4
618345,4
618346,4
618347,4
618348,3
618349,3
618350,3
618351,4
618352,4
618353,4
618354,4
618355,4
618356,4
618357,4
618358,4
618359,4
618362,4
618363,4
618364,4
618365,4
618366,4
618367,3
618368,4
618369,4
618370,4
618371,4
618372,3
618373,4
618374,4
618375,4
618376,4
618377,4
618379,4
618380,4
618381,3
618382,3
618383,4
618384,3
618385,4
618386,3
618387,4
618388,4
618389,4
618390,4
618391,4
618392,3
618393,4
618394,4
618395,4
618396,3
618397,2
618398,4
618399,4
618400,4
618401,3
618402,3
618403,3
618404,2
618405,3
618406,4
618407,4
618408,4
618409,4
618410,4
618411,4
618412,4
618413,4
618414,4
618415,4
618416,4
618417,4
618418,4
618419,4
618420,4
618421,4
618422,4
618423,4
618424,2
618426,2
618427,4
618428,2
618429,4
618430,4
618431,4
618432,3
618433,4
618434,4
618435,4
618436,4
618437,4
618438,4
618439,3
618440,3
618441,4
618442,3
618443,3
618444,3
618445,2
618446,4
618447,4
618448,4
618449,4
618450,4
618452,3
618454,3
618455,4
618456,3
618457,4
618458,4
618459,4
618460,4
618461,2
618462,4
618463,4
618464,1
618465,3
618466,2
618467,2
618468,3
618469,4
618470,4
618471,4
618472,4
618473,4
618475,4
618476,4
618477,4
618478,4
618479,4
618480,2
618481,4
618482,2
618483,2
618484,3
618485,3
618486,3
618487,3
618488,4
618489,4
618490,4
618491,4
618492,4
618493,4
618494,4
618495,4
618496,4
618497,4
618498,3
618499,4
618500,4
618501,3
618502,3
618503,4
618504,4
618505,4
618506,2
618507,2
618508,2
618509,4
618511,2
618512,4
618513,4
618514,4
618515,3
618516,4
618517,4
618518,2
618519,4
618520,2
618521,4
618522,2
618523,4
618524,2
618525,3
618526,2
618527,3
618529,4
618530,4
618531,4
618532,3
618533,4
618534,2
618535,3
618536,3
618537,4
618538,2
618539,2
618540,3
618541,4
618542,2
618543,4
618544,4
618545,4
618546,2
618547,4
618548,2
618549,4
618550,4
618551,3
618552,4
618553,3
618554,4
618555,2
618556,2
618557,4
618558,4
618559,4
618560,4
618561,2
618562,1
618563,4
618564,2
618565,3
618566,4
618567,3
618568,2
618569,4
618570,3
618571,4
618572,3
618574,2
618575,2
618576,3
618577,2
618578,3
618579,3
618580,4
618581,4
618582,1
618583,1
618584,3
618585,2
618586,2
618588,4
618589,4
618590,4
618591,2
618592,3
618593,2
618594,4
618595,4
618596,4
618597,4
618598,4
618599,4
618600,4
618601,4
618602,4
618603,4
618604,4
618605,4
618606,4
618607,4
618608,4
618609,2
618610,4
618611,2
618612,4
618613,4
618614,3
618615,4
618616,3
618617,4
618618,4
618619,3
618620,2
618621,4
618622,4
618623,2
618624,1
618625,1
618626,2
618627,3
618628,2
618629,2
618630,4
618631,2
618632,4
618633,2
618634,4
618635,4
618636,2
618637,4
618638,1
618639,3
618640,2
618641,2
618642,4
618644,4
618645,4
618646,2
618647,4
618648,1
618649,2
618650,2
618651,3
618652,1
618653,2
618654,4
618655,2
618661,3
618662,2
618663,4
618664,4
618665,3
618666,2
618667,3
618668,3
618669,2
618671,3
618672,3
618673,4
618674,4
618675,4
618676,3
618677,4
618678,4
618680,4
618681,4
618682,2
618684,2
618685,2
618686,2
618687,3
618688,3
618689,2
618690,2
618691,3
618692,2
618693,4
618694,4
618695,3
618697,3
618698,1
618699,1
618700,4
618701,3
618702,4
618704,2
618705,2
618706,2
618707,3
618708,4
618709,3
618710,4
618711,4
618712,4
618713,4
618714,4
618715,4
618716,4
618717,4
618718,3
618719,4
618720,4
618721,4
618722,4
618723,4
618724,3
618725,3
618726,3
618727,3
618728,2
618729,1
618730,2
618731,1
618732,2
618733,1
618734,3
618735,4
618736,2
618737,3
618738,4
618739,4
618740,4
618741,4
618742,2
618743,1
618744,4
618745,3
618746,4
618747,4
618748,3
618749,4
618751,4
618754,2
618755,1
618756,4
618757,2
618758,2
618759,3
618760,3
618761,4
618762,2
618764,4
618765,3
618766,2
618768,2
618769,3
618770,3
618771,3
618772,4
618773,1
618774,3
618775,3
618776,2
618777,4
618778,4
618779,3
618782,2
618783,2
618784,2
618785,4
618786,2
618787,4
618788,3
618789,2
618790,2
618791,3
618792,3
618793,2
618794,4
618795,4
618796,4
618797,3
618798,4
618799,4
618800,4
618801,4
618803,4
618804,4
618805,2
618806,2
618807,4
618808,2
618809,4
618810,4
618811,3
618812,2
618813,2
618814,3
618815,2
618816,3
618817,3
618818,2
618819,3
618820,4
618821,4
618822,2
618823,2
618824,2
618825,4
618826,4
618827,4
618828,3
618829,3
618830,4
618831,2
618832,2
618833,4
618834,3
618835,3
618836,4
618837,4
618838,4
618839,3
618840,4
618841,4
618842,1
618843,3
618844,2
618845,4
618846,2
618847,4
618848,3
618849,3
618850,4
618851,2
618852,4
618853,2
618854,3
618855,3
618856,4
618858,2
618859,4
618861,4
618862,2
618863,2
618864,3
618865,3
618866,3
618867,3
618868,2
618869,3
618870,2
618871,3
618872,2
618873,2
618874,1
618875,2
618878,4
618879,2
618880,2
618881,3
618882,3
618883,4
618884,4
618885,4
618886,3
618887,4
618888,4
618889,4
618890,4
618891,2
618892,1
618893,2
618894,4
618895,4
618896,4
618897,3
618898,2
618899,2
618901,2
618902,4
618903,4
618904,4
618905,2
618906,4
618907,2
618908,4
618909,4
618910,4
618911,4
618912,1
618913,3
618914,2
618915,3
618916,3
618917,2
618919,3
618920,2
618921,4
618922,2
618923,2
618924,2
618925,4
618926,2
618927,2
618928,4
618929,2
618930,3
618931,3
618932,3
618933,2
618934,3
618935,3
618936,4
618937,4
618938,3
618939,3
618941,2
618942,4
618943,2
618944,2
618945,4
618946,3
618947,4
618948,3
618949,4
618950,3
618951,4
618952,4
618953,4
618954,2
618955,4
618956,2
618957,2
618958,2
618959,3
618960,4
618961,3
618962,3
618963,2
618964,3
618966,3
618967,3
618968,4
618969,4
618970,4
618971,5
618972,4
618976,4
618977,4
618978,4
618981,2
618982,4
618985,4
618986,4
618991,4
618992,4
618995,4
619003,3
619004,3
619005,3
619007,2
619008,2
619009,2
619010,3
619013,3
619014,2
619022,3
619024,3
619025,3
619026,3
619027,3
619028,3
619029,3
619030,3
619031,3
619032,3
619033,3
619038,3
619039,1
619042,3
619043,1
619045,2
619049,3
619051,3
619052,3
619053,3
619054,3
619055,3
619056,2
619057,3
619059,3
619060,3
619061,2
619063,2
619064,3
619065,2
619066,3
619067,2
619068,3
619069,3
619070,2
619071,3
619072,3
619073,3
619074,3
619075,2
619076,3
619077,3
619078,3
619080,3
619083,2
619084,2
619086,3
619087,3
619089,3
619090,3
619092,3
619093,3
619094,3
619095,3
619096,3
619097,3
619098,3
619099,3
619100,3
619101,3
619102,2
619103,3
619104,2
619105,3
619106,3
619107,3
619108,3
619109,3
619111,3
619112,3
619113,2
619114,3
619115,1
619117,3
619118,3
619119,3
619120,3
619121,2
619122,2
619123,3
619124,3
619125,3
619126,3
619127,3
619128,3
619129,3
619130,3
619131,3
619132,3
619134,3
619136,3
619137,2
619138,3
619139,3
619140,3
619141,3
619142,3
619143,3
619144,2
619145,3
619146,3
619147,2
619148,2
619149,3
619150,3
619152,3
619153,3
619154,3
619155,3
619156,2
619157,3
619158,3
619160,3
619161,3
619162,3
619163,3
619164,3
619165,3
619166,3
619167,3
619168,3
619171,2
619172,2
619181,2
619183,2
619184,2
619185,2
619186,2
619187,2
619191,2
619193,2
619194,2
619196,2
619197,2
619198,2
619199,2
619200,2
619201,2
619202,2
619203,2
619204,1
619205,2
619206,2
619207,2
619208,2
619209,1
619210,2
619211,2
619212,2
619213,2
619214,2
619215,2
619216,2
619217,2
619218,2
619219,2
619220,2
619221,1
619222,2
619223,2
619224,2
619225,2
619226,2
619227,2
619228,2
619229,2
619248,1
619251,2
619253,2
619265,1
619270,1
619271,1
619289,2
619291,2
619292,2
619293,2
619294,2
619295,2
619297,1
619298,1
619299,1
619300,1
619301,2
619305,2
619306,2
619307,2
619308,2
619311,2
619312,2
619313,2
619314,2
619316,2
619317,2
619318,2
619320,1
619321,2
619326,2
619328,2
619341,2
619347,1
635651,1
660056,1
665021,1
701091,3
701101,8
701105,7
701107,8
701113,8
701121,8
701122,8
701126,8
701127,8
701128,8
701167,8
701168,4
701170,4
701171,8
701172,4
701173,8
701228,8
701263,7
701269,1
701289,8
701324,8
701329,8
701330,8
701338,8
701341,1
701343,8
701344,8
701346,8
701349,8
701350,6
701354,7
701370,8
701371,2
701372,8
701376,8
701377,8
701383,8
701384,1
701386,8
701388,1
701390,1
701391,8
701392,1
701395,8
701396,8
701398,8
701399,8
701400,8
701402,2
701404,8
701405,8
701406,8
701408,8
701410,8
701411,8
701412,8
701415,8
701530,2
701564,1
701565,8
701568,4
701570,6
701574,8
701576,6
701577,6
701586,6
701593,8
701597,8
701598,8
701599,8
701600,6
701602,8
701657,8
701658,8
701661,1
701662,1
701668,2
701719,8
701745,8
701766,8
701991,8
702355,7
702522,1
702524,1
702540,1
702544,1
702555,1
702612,1
702625,8
702626,8
702627,8
702628,8
702629,8
702630,8
702631,6
702632,8
702633,6
702635,8
702637,8
702639,7
702658,8
702664,8
702665,8
702668,8
702674,7
702682,2
702699,7
702734,7
702735,5
702741,7
702742,7
702746,7
702760,7
702764,5
702793,7
702798,5
702808,7
702810,7
702833,7
702840,6
702842,3
702851,7
702854,6
702948,5
702949,7
702958,2
703021,7
703057,7
703585,8
703586,8
704495,8
705237,8
705244,8
705252,7
705253,7
705298,8
705300,4
705356,8
705357,8
705358,8
705359,8
705362,8
705363,1
705364,8
705366,8
705368,8
705373,8
705375,8
705385,8
705391,7
705392,8
705394,2
705396,2
705400,1
705401,8
705410,8
705419,8
705424,8
705428,8
705429,8
705432,8
705433,8
705434,8
705436,8
705437,8
705444,8
705450,8
705453,8
705454,8
705457,8
705458,8
705464,2
705479,8
705480,8
705481,8
705482,8
705489,2
705490,8
705491,8
705492,8
705493,2
705494,8
705495,8
705496,8
705497,2
705498,8
705500,8
705502,8
705503,6
705504,8
705505,8
705506,8
705507,8
705510,8
705511,8
705512,8
705513,8
705514,8
705515,8
705520,3
705526,8
705527,8
705528,8
705562,8
705566,2
705567,8
705572,8
705583,7
705588,8
705598,8
705608,8
705610,8
705612,8
705613,8
705616,8
705617,8
705628,8
705629,8
705632,8
705633,8
705635,8
705638,8
705639,8
705648,8
705650,8
705651,6
705659,8
705660,8
705661,8
705662,6
705663,8
705667,8
705668,8
705694,4
705708,4
705710,4
705712,4
705717,4
705720,4
705721,4
705722,4
705726,4
705728,8
705730,8
705735,8
705741,8
705742,8
705743,2
705747,2
705752,8
705755,2
705756,2
705761,8
705762,2
705763,8
705764,8
705765,8
705766,8
705767,2
705771,7
705772,8
705774,8
705777,8
705779,4
705780,8
705782,8
705783,8
705784,4
705785,8
705789,6
705793,8
705794,8
705799,8
705863,2
705912,8
705918,5
705919,8
705933,8
705941,4
706718,8
706724,8
706757,8
706759,8
706763,8
706775,8
706776,8
706777,8
706779,8
706780,8
706781,8
706811,8
706835,8
706836,2
706837,7
706844,3
706854,8
706856,1
706860,7
706865,2
706866,8
706898,8
706922,8
706940,7
706942,7
706950,8
706965,2
706966,2
706988,2
706989,2
707016,2
707017,2
707018,2
707019,2
707020,3
707021,3
707022,3
707039,3
707044,3
707045,3
707046,3
707049,3
707050,3
707051,2
707052,2
707057,2
707058,3
707059,3
707067,2
707069,3
707070,3
707086,3
707087,3
707215,8
707229,8
707267,6
707410,3
707414,1
707419,2
707420,1
708655,2
708662,6
708687,1
709747,8
709748,4
709749,6
709750,8
709752,8
709753,8
709754,8
709755,8
709757,7
709758,7
709759,8
709760,7
709761,2
709766,6
709768,1
709770,8
709771,8
709772,8
709773,8
709774,8
709776,8
709777,8
709778,8
709779,8
709780,8
709781,8
709782,7
709783,8
709785,8
709786,8
709789,6
709790,6
709791,8
709792,8
709793,8
709794,8
709795,8
709796,8
709797,8
709798,8
709799,8
709800,8
709801,1
709808,4
709809,2
709810,2
709811,7
709812,8
709813,8
709814,2
709815,8
709816,8
709817,8
709818,8
709819,8
709820,1
709826,8
709827,6
709829,3
709830,6
709831,8
709832,8
709837,8
709838,8
709839,8
709840,8
709841,8
709842,8
709845,8
709846,6
709847,8
709848,8
709849,8
709850,8
709851,8
709855,1
709856,8
709857,8
709858,4
709859,8
709864,8
709865,8
738679,1
834015,1
900808,7
900872,1
900874,6
914467,1
938832,1
944288,1
946208,1
976009,1
CPWD EDUCATION,1
CR,1
CVPPPL,1
ECL,1
ECR,1
ER,1
IOCL,1
KOMRCL,1
MMRC,1
MoRTH,1
N04000073,3
N04000074,3
N04000075,1
N04000076,3
N04000077,3
N04000078,3
N04000079,3
N04000080,3
N04000081,3
N04000082,3
N04000083,3
N04000085,3
N04000086,1
N04000087,3
N04000088,3
N04000089,1
N04000090,3
N04000091,3
N04000092,3
N04000093,3
N04000094,3
N04000095,3
N04000096,3
N04000098,3
N04000099,3
N04000100,3
N04000101,3
N04000102,3
N04000103,3
N04000104,3
N04000105,3
N04000106,3
N04000107,3
N04000108,3
N04000109,3
N04000110,3
N04000111,3
N04000112,3
N04000113,3
N04000114,3
N04000115,3
N06000045,3
N06000087,3
N06000096,3
N06000098,3
N06000104,3
N06000112,3
N06000113,3
N06000123,3
N06000125,3
N06000132,3
N06000135,3
N06000148,3
N06000152,3
N06000154,3
N06000161,3
N06000163,3
N06000164,3
N06000165,3
N06000166,3
N06000167,3
N06000169,3
N06000170,3
N06000171,3
N06000179,3
N06000183,3
N06000184,3
N06000186,3
N06000189,2
N06000191,3
N06000192,3
N06000193,3
N06000194,3
N06000195,3
N06000196,3
N06000197,3
N06000198,3
N06000199,3
N06000200,3
N06000202,3
N06000203,3
N06000204,3
N06000205,3
N06000206,3
N06000208,3
N06000209,3
N06000210,3
N06000211,3
N06000213,3
N06000214,3
N06000216,3
N06000217,3
N06000218,3
N06000219,3
N06000220,3
N06000222,3
N06000223,3
N06000226,3
N06000229,3
N06000230,3
N06000232,3
N06000233,3
N06000236,3
N06000237,3
N06000238,3
N06000239,3
N06000240,3
N06000241,3
N06000242,3
N06000243,3
N06000244,3
N06000245,3
N06000246,3
N06000247,3
N06000249,3
N06000250,3
N06000251,3
N06000252,3
N06000253,3
N06000254,3
N06000255,3
N06000256,3
N06000257,3
N06000258,3
N06000259,3
N06000260,3
N06000264,3
N06000265,3
N06000266,3
N06000267,3
N06000269,3
N06000270,3
N06000271,3
N06000272,3
N06000273,3
N06000274,3
N06000275,3
N06000276,3
N06000277,3
N06000278,3
N06000279,3
N06000280,3
N06000281,3
N06000282,3
N06000283,3
N06000284,3
N06000285,3
N06000286,3
N06000287,3
N06000288,3
N06000289,3
N06000290,3
N06000291,3
N06000292,3
N06000293,2
N06000294,2
N06000295,2
N07000001,3
N10000010,3
N10000011,3
N10000012,3
N10000013,3
N10000014,3
N10000015,3
N10000016,3
N10000017,3
N12000095,3
N12000122,3
N12000124,3
N12000125,3
N12000127,3
N12000129,3
N12000130,3
N12000131,3
N12000132,3
N12000133,3
N12000134,3
N12000135,3
N12000136,3
N12000137,3
N12000138,3
N12000139,3
N12000140,3
N12000141,3
N12000142,3
N12000143,3
N16000213,3
N16000234,3
N16000247,3
N16000275,3
N16000279,3
N16000285,3
N16000331,3
N16000343,1
N16000358,1
N16000361,2
N16000369,3
N16000375,3
N16000379,3
N16000382,3
N16000386,3
N16000388,3
N16000391,3
N16000392,2
N16000394,3
N16000396,3
N16000398,3
N16000402,3
N16000409,3
N16000411,3
N16000412,3
N16000413,1
N16000414,3
N16000423,3
N16000426,2
N16000428,3
N16000429,3
N16000430,3
N16000431,3
N16000432,3
N16000434,3
N16000435,3
N16000437,3
N16000438,3
N16000439,3
N16000440,3
N16000441,3
N16000442,3
N16000444,3
N16000445,3
N16000446,3
N16000449,3
N16000450,3
N16000452,3
N16000453,3
N16000454,3
N16000455,3
N16000456,3
N16000457,3
N16000458,3
N16000470,3
N16000477,3
N16000478,3
N16000480,3
N16000481,3
N16000483,3
N16000484,3
N16000485,3
N16000486,3
N16000487,3
N16000488,3
N16000491,3
N16000494,3
N16000495,3
N16000496,2
N16000497,3
N16000498,3
N16000499,3
N16000500,3
N16000503,3
N16000504,3
N16000505,3
N16000506,3
N16000507,3
N16000508,3
N16000509,3
N16000510,3
N16000511,3
N16000512,3
N16000513,3
N16000514,3
N16000515,3
N16000518,3
N16000519,3
N16000520,3
N16000521,3
N16000522,3
N16000523,3
N16000524,3
N16000525,3
N16000526,3
N16000527,3
N16000528,3
N16000529,3
N16000530,3
N16000531,3
N16000532,3
N16000533,3
N16000534,3
N16000535,3
N16000536,3
N16000537,3
N16000538,3
N16000539,3
N16000540,3
N18000010,3
N18000014,3
N18000042,3
N18000142,3
N18000172,3
N18000177,3
N18000178,3
N18000194,3
N18000249,3
N18000250,3
N18000272,3
N18000275,3
N18000278,3
N18000279,3
N18000286,2
N18000291,3
N18000293,2
N18000295,3
N18000296,2
N18000297,3
N18000319,3
N18000320,2
N18000321,2
N18000322,2
N18000324,3
N18000325,3
N18000326,3
N18000328,3
N18000330,3
N18000331,3
N18000332,3
N18000335,3
N18000337,3
N18000338,1
N18000343,3
N18000344,3
N18000345,3
N18000346,3
N18000347,3
N18000348,3
N18000349,3
N18000350,3
N18000351,3
N18000352,3
N18000353,3
N18000354,1
N18000355,1
N18000356,3
N18000357,3
N18000358,3
N18000359,3
N18000360,3
N18000361,3
N18000362,3
N18000363,3
N18000364,3
N18000365,3
N18000366,3
N18000367,3
N18000368,3
N18000370,3
N18000373,3
N18000374,3
N18000375,3
N18000376,3
N18000377,3
N18000378,3
N18000379,3
N18000380,3
N18000381,3
N18000382,3
N18000383,3
N18000384,3
N18000385,3
N18000386,3
N18000387,3
N18000388,3
N18000389,3
N18000390,3
N18000391,3
N18000392,3
N18000393,3
N18000394,3
N18000395,3
N18000396,3
N18000397,3
N18000398,3
N18000399,3
N18000400,3
N18000401,3
N18000402,3
N18000403,3
N18000404,3
N18000405,3
N18000406,3
N18000407,3
N18000408,3
N18000409,3
N18000410,3
N18000411,3
N18000412,3
N18000413,3
N18000414,3
N18000415,3
N18000416,3
N18000417,3
N18000418,3
N18000419,3
N18000420,3
N18000421,3
N18000422,3
N18000423,3
N21000027,3
N21000029,3
N21000031,3
N21000032,3
N21000033,3
N22000028,3
N22000032,3
N22000085,3
N22000087,3
N22000092,3
N22000100,3
N22000102,3
N22000108,3
N22000109,3
N22000110,3
N22000111,3
N22000120,3
N22000124,3
N22000134,3
N22000138,3
N22000139,3
N22000142,3
N22000148,3
N22000158,3
N22000171,3
N22000177,3
N22000181,3
N22000183,2
N22000206,3
N22000207,3
N22000208,3
N22000219,3
N22000231,3
N22000233,3
N22000250,3
N22000256,3
N22000258,3
N22000261,3
N22000273,3
N22000274,3
N22000279,3
N22000281,3
N22000286,3
N22000297,3
N22000299,3
N22000308,3
N22000316,3
N22000318,3
N22000329,3
N22000333,3
N22000349,3
N22000350,3
N22000351,3
N22000356,3
N22000358,3
N22000359,3
N22000360,3
N22000361,3
N22000362,3
N22000367,3
N22000368,3
N22000369,3
N22000376,3
N22000377,3
N22000379,3
N22000380,3
N22000381,3
N22000388,3
N22000396,3
N22000399,3
N22000401,2
N22000406,3
N22000409,3
N22000416,3
N22000417,2
N22000418,2
N22000419,2
N22000420,3
N22000434,3
N22000463,3
N22000464,3
N22000467,3
N22000468,3
N22000470,3
N22000472,3
N22000473,3
N22000476,3
N22000480,3
N22000484,3
N22000485,3
N22000486,3
N22000489,3
N22000495,3
N22000496,3
N22000501,3
N22000502,2
N22000503,3
N22000504,3
N22000505,2
N22000506,3
N22000508,3
N22000510,3
N22000511,3
N22000513,3
N22000514,3
N22000515,3
N22000516,3
N22000517,3
N22000518,3
N22000519,3
N22000520,3
N22000521,3
N22000522,3
N22000523,2
N22000524,3
N22000525,3
N22000526,3
N22000528,3
N22000529,3
N22000532,3
N22000533,3
N22000535,3
N22000536,3
N22000537,3
N22000538,3
N22000539,3
N22000540,3
N22000541,3
N22000542,3
N22000543,3
N22000544,3
N22000545,3
N22000546,3
N22000547,3
N22000548,3
N22000550,3
N22000551,3
N22000553,3
N22000554,3
N22000555,3
N22000556,2
N22000557,3
N22000558,3
N22000559,3
N22000562,3
N22000563,3
N22000564,3
N22000565,3
N22000566,3
N22000568,3
N22000569,3
N22000570,3
N22000571,3
N22000572,3
N22000573,3
N22000574,2
N22000575,2
N22000576,2
N22000577,2
N22000579,3
N22000580,3
N22000583,3
N22000584,3
N22000585,3
N22000586,3
N22000587,3
N22000589,3
N22000590,3
N22000591,3
N22000592,3
N22000593,3
N22000594,3
N22000595,3
N22000596,3
N22000598,3
N22000599,3
N22000600,3
N22000601,3
N22000602,3
N22000604,3
N22000605,3
N22000606,3
N22000607,3
N22000608,3
N22000609,2
N22000610,3
N22000611,3
N22000612,3
N22000613,3
N22000614,3
N22000615,3
N22000616,3
N22000618,3
N22000619,3
N22000620,3
N22000621,3
N22000622,3
N22000624,3
N22000625,2
N22000626,3
N22000627,3
N22000628,3
N22000629,3
N22000630,3
N22000631,3
N22000632,2
N24000165,3
N24000182,3
N24000187,3
N24000232,1
N24000245,3
N24000247,3
N24000248,3
N24000301,2
N24000319,3
N24000320,3
N24000331,3
N24000332,2
N24000334,3
N24000382,3
N24000431,3
N24000438,3
N24000442,3
N24000462,3
N24000463,3
N24000465,3
N24000471,1
N24000473,1
N24000480,3
N24000488,3
N24000507,3
N24000513,3
N24000515,3
N24000531,3
N24000552,1
N24000560,3
N24000564,3
N24000567,2
N24000569,3
N24000570,2
N24000576,3
N24000578,3
N24000579,3
N24000582,3
N24000583,3
N24000584,3
N24000585,3
N24000592,3
N24000603,2
N24000606,1
N24000613,3
N24000619,3
N24000649,3
N24000656,3
N24000659,2
N24000665,3
N24000683,3
N24000686,2
N24000688,3
N24000696,3
N24000697,3
N24000704,2
N24000708,3
N24000709,2
N24000714,3
N24000715,3
N24000717,3
N24000723,3
N24000724,1
N24000726,3
N24000733,3
N24000734,3
N24000736,3
N24000738,3
N24000739,3
N24000741,2
N24000742,3
N24000743,3
N24000745,3
N24000749,3
N24000752,3
N24000753,3
N24000763,3
N24000765,3
N24000767,3
N24000768,2
N24000771,3
N24000772,3
N24000773,3
N24000774,3
N24000775,3
N24000776,3
N24000777,3
N24000778,3
N24000779,3
N24000780,3
N24000781,3
N24000782,3
N24000784,3
N24000788,3
N24000795,3
N24000796,1
N24000798,3
N24000811,3
N24000813,3
N24000820,3
N24000821,3
N24000826,3
N24000834,3
N24000851,3
N24000852,3
N24000855,2
N24000857,3
N24000858,3
N24000859,1
N24000861,3
N24000862,3
N24000863,3
N24000864,3
N24000865,3
N24000868,3
N24000874,3
N24000880,3
N24000907,3
N24000909,3
N24000910,3
N24000912,3
N24000914,3
N24000917,3
N24000925,3
N24000931,3
N24000937,3
N24000941,1
N24000943,3
N24000946,3
N24000948,1
N24000964,3
N24000969,3
N24000979,3
N24000980,3
N24000981,3
N24000982,3
N24000983,3
N24000984,3
N24000986,3
N24000987,3
N24000988,3
N24000989,3
N24000990,3
N24000993,3
N24000994,3
N24000996,3
N24000997,3
N24000998,3
N24001002,3
N24001003,2
N24001008,2
N24001013,3
N24001017,3
N24001018,2
N24001021,2
N24001022,3
N24001027,1
N24001039,1
N24001046,2
N24001050,3
N24001057,3
N24001058,3
N24001060,3
N24001069,3
N24001078,2
N24001079,2
N24001080,2
N24001081,1
N24001082,3
N24001090,2
N24001092,3
N24001095,1
N24001097,1
N24001099,3
N24001101,2
N24001102,2
N24001106,3
N24001107,3
N24001111,1
N24001112,3
N24001114,3
N24001122,3
N24001123,3
N24001124,3
N24001125,3
N24001127,1
N24001130,3
N24001132,3
N24001134,3
N24001138,2
N24001156,3
N24001157,3
N24001158,3
N24001159,3
N24001160,3
N24001161,3
N24001162,3
N24001164,3
N24001165,3
N24001166,3
N24001168,3
N24001172,3
N24001173,3
N24001179,2
N24001180,2
N24001201,3
N24001216,3
N24001217,3
N24001221,3
N24001222,3
N24001226,1
N24001227,3
N24001228,3
N24001244,3
N24001245,1
N24001246,3
N24001251,3
N24001252,3
N24001254,2
N24001255,3
N24001256,3
N24001257,3
N24001258,3
N24001259,2
N24001261,3
N24001262,3
N24001263,3
N24001264,3
N24001266,3
N24001269,3
N24001270,3
N24001271,3
N24001272,2
N24001273,2
N24001274,3
N24001276,1
N24001277,1
N24001278,3
N24001281,3
N24001282,3
N24001286,2
N24001287,3
N24001288,3
N24001297,3
N24001301,3
N24001303,3
N24001304,3
N24001305,3
N24001306,3
N24001309,3
N24001313,3
N24001314,3
N24001317,3
N24001322,3
N24001323,3
N24001325,3
N24001326,3
N24001327,3
N24001331,3
N24001332,3
N24001334,3
N24001335,3
N24001336,3
N24001337,3
N24001338,3
N24001339,2
N24001341,3
N24001343,3
N24001344,3
N24001345,3
N24001348,3
N24001349,3
N24001350,3
N24001353,2
N24001354,3
N24001356,3
N24001358,3
N24001359,3
N24001360,2
N24001361,2
N24001362,3
N24001363,3
N24001366,3
N24001368,3
N24001369,3
N24001370,3
N24001371,3
N24001375,3
N24001381,3
N24001382,3
N24001383,3
N24001386,3
N24001387,3
N24001388,3
N24001389,2
N24001390,3
N24001391,2
N24001393,3
N24001394,3
N24001395,3
N24001396,3
N24001397,3
N24001400,3
N24001401,3
N24001402,3
N24001403,3
N24001404,3
N24001405,3
N24001406,3
N24001407,1
N24001408,3
N24001411,3
N24001415,3
N24001416,3
N24001417,3
N24001418,3
N24001419,3
N24001420,3
N24001421,3
N24001422,3
N24001424,3
N24001425,3
N24001426,3
N24001427,3
N24001428,2
N24001429,3
N24001430,2
N24001431,3
N24001434,3
N24001436,3
N24001437,3
N24001438,3
N24001439,3
N24001440,2
N24001441,3
N24001442,3
N24001443,3
N24001444,3
N24001445,3
N24001446,3
N24001447,3
N24001448,3
N24001450,3
N24001451,1
N24001453,3
N24001455,3
N24001456,3
N24001457,3
N24001461,3
N24001462,3
N24001464,3
N24001465,3
N24001466,3
N24001467,3
N24001468,3
N24001469,3
N24001470,3
N24001471,3
N24001472,3
N24001473,3
N24001474,3
N24001475,2
N24001476,3
N24001477,3
N24001479,3
N24001480,3
N24001482,3
N24001483,3
N24001484,3
N24001486,3
N24001488,3
N24001493,3
N24001495,3
N24001502,3
N24001503,3
N24001504,2
N24001505,2
N24001506,2
N24001507,3
N24001508,3
N24001511,3
N24001515,3
N24001516,3
N24001518,3
N24001519,3
N24001520,3
N24001521,3
N24001522,3
N24001523,3
N24001524,3
N24001525,3
N24001526,3
N24001527,3
N24001528,3
N24001529,3
N24001530,3
N24001532,2
N24001533,2
N24001534,2
N24001535,3
N24001536,2
N24001537,3
N24001538,3
N24001539,3
N24001540,3
N24001541,3
N24001542,3
N24001543,3
N24001544,3
N24001545,3
N24001546,3
N24001547,3
N24001548,3
N24001550,3
N24001551,3
N24001552,3
N24001553,3
N24001555,3
N24001556,3
N24001557,3
N24001558,3
N24001559,3
N24001563,2
N24001564,2
N24001567,3
N24001568,3
N24001573,3
N24001587,3
N24001588,3
N24001589,3
N24001590,3
N24001593,3
N24001594,3
N24001595,3
N24001596,3
N24001598,3
N24001599,3
N24001600,2
N24001601,3
N24001602,3
N24001603,2
N24001605,3
N24001606,3
N24001607,3
N24001608,3
N24001609,3
N24001610,3
N24001611,3
N24001612,3
N24001614,3
N24001615,3
N24001616,2
N24001618,3
N24001619,3
N24001620,3
N24001621,3
N24001622,3
N24001623,3
N24001624,3
N24001625,3
N24001626,3
N24001627,3
N24001628,3
N24001629,3
N24001630,3
N24001631,3
N24001632,3
N24001633,3
N24001634,3
N24001635,3
N24001636,3
N24001637,3
N24001638,3
N24001639,3
N24001640,3
N24001641,3
N24001642,3
N24001643,3
N24001644,3
N24001647,3
N24001648,3
N24001649,3
N24001650,3
N24001651,3
N24001652,3
N24001653,3
N24001654,3
N24001655,3
N24001656,3
N24001657,3
N24001658,3
N24001659,3
N24001660,3
N24001661,3
N24001662,3
N24001663,3
N24001664,3
N24001665,3
N24001666,3
N24001667,3
N24001668,3
N24001669,3
N24001670,2
N24001671,3
N24001673,3
N24001674,3
N24001675,1
N24001676,3
N24001677,3
N24001678,3
N24001679,3
N24001680,3
N24001681,3
N24001682,3
N24001683,1
N24001684,3
N24001686,1
N24001687,3
N24001691,1
N24001692,3
N24001693,3
N24001694,3
N24001696,3
N24001697,3
N24001698,3
N24001699,3
N24001700,3
N24001701,3
N24001702,3
N24001703,3
N24001704,3
N24001705,3
N24001708,2
N24001709,3
N24001711,2
N24001712,3
N24001715,3
N24001716,3
N24001717,3
N24001718,3
N24001719,3
N24001720,3
N24001721,3
N24001722,3
N24001723,3
N24001725,3
N24001726,3
N24001727,3
N24001728,1
N24001729,3
N24001730,3
N24001731,3
N24001732,3
N24001733,3
N24001734,3
N24001735,3
N24001736,3
N24001737,3
N24001738,3
N24001739,3
N24001744,3
N24001745,3
N24001746,3
N24001747,3
N24001748,3
N24001749,3
N24001750,3
N24001753,3
N24001754,3
N24001755,3
N24001759,3
N24001762,3
N24001765,2
N24001766,3
N24001767,3
N24001768,2
N24001770,3
N24001771,3
N24001772,3
N24001773,3
N24001774,3
N24001775,3
N24001777,3
N24001779,3
N24001781,3
N24001783,1
N24001785,3
N24001786,3
N24001788,2
N24001789,3
N24001790,3
N24001791,1
N24001792,3
N24001793,3
N24001794,3
N24001795,3
N24001796,3
N24001797,3
N24001798,3
N24001799,3
N24001804,3
N24001808,3
N24001809,3
N24001810,3
N24001811,3
N24001812,3
N24001813,3
N24001815,2
N24001817,3
N24001818,3
N24001819,3
N24001820,3
N24001821,3
N24001822,3
N24001823,3
N24001824,3
N24001825,3
N24001826,3
N24001827,3
N24001828,3
N24001829,3
N24001830,3
N24001831,3
N24001832,3
N24001833,3
N24001834,3
N24001835,3
N24001836,3
N24001837,3
N24001838,3
N24001840,3
N24001841,3
N24001842,3
N24001843,3
N24001844,3
N24001845,3
N24001846,3
N24001847,3
N24001848,3
N24001849,3
N24001850,3
N24001851,3
N24001852,3
N24001853,3
N24001854,3
N24001855,3
N24001856,3
N24001857,3
N24001858,3
N24001859,3
N24001860,3
N24001861,3
N24001862,3
N24001863,3
N24001864,3
N24001865,3
N24001866,3
N24001867,3
N24001868,3
N24001869,2
N24001870,3
N24001875,3
N24001876,3
N24001877,3
N24001878,3
N24001879,3
N24001880,3
N24001882,3
N24001883,3
N24001884,3
N24001885,3
N24001886,3
N24001887,2
N24001888,2
N24001889,2
N24001890,3
N24001891,3
N24001892,3
N24001894,2
N24001895,2
N24001896,3
N24001897,3
N24001898,3
N24001899,3
N24001900,3
N24001901,3
N24001902,3
N24001903,3
N24001904,3
N24001905,2
N24001906,3
N24001907,3
N24001908,3
N24001909,2
N24001910,3
N24001911,3
N24001912,3
N24001913,1
N24001914,3
N24001915,3
N24001916,3
N24001917,3
N24001919,3
N24001920,3
N24001921,3
N24001922,3
N24001923,3
N24001924,3
N24001925,3
N24001926,3
N24001927,3
N24001928,3
N24001929,3
N24001931,1
N24001932,3
N24001934,3
N24001935,3
N24001936,3
N24001937,3
N24001938,3
N24001939,3
N24001940,3
N24001941,3
N24001942,3
N24001943,3
N24001944,3
N24001945,3
N24001946,3
N24001947,3
N24001948,3
N24001949,1
N24001950,1
N24001951,3
N24001952,3
N24001953,3
N24001954,3
N24001955,3
N24001956,3
N24001957,3
N24001958,3
N24001959,3
N24001960,3
N24001961,3
N24001962,3
N24001963,3
N24001964,3
N24001965,3
N24001966,2
N24001967,3
N24001968,3
N24001969,3
N24001970,3
N24001971,3
N24001972,3
N24001973,3
N24001974,3
N24001975,3
N24001976,3
N24001977,3
N24001978,3
N24001979,3
N24001980,3
N24001981,3
N24001982,3
N24001983,3
N24001984,3
N24001985,3
N24001986,3
N24001987,3
N24001988,3
N24001989,3
N24001990,3
N24001991,3
N24001992,3
N24001993,3
N24001994,3
N24001996,3
N24001997,3
N24001998,3
N24001999,3
N24002000,3
N24002001,3
N24002002,3
N24002003,3
N24002004,3
N24002005,3
N24002006,3
N24002007,3
N24002008,3
N24002009,3
N24002010,3
N24002011,3
N24002012,3
N24002013,3
N24002014,3
N24002015,3
N24002016,3
N24002017,3
N24002018,3
N24002019,3
N24002020,3
N24002021,3
N24002022,3
N24002023,3
N24002024,3
N24002025,3
N24002026,2
N24002027,3
N24002028,3
N24002029,3
N24002030,3
N24002031,3
N24002032,3
N24002033,3
N24002034,3
N24002035,3
N24002036,3
N24002037,3
N24002038,3
N24002039,3
N24002040,3
N24002041,3
N24002042,3
N24002043,3
N24002044,3
N24002045,3
N24002046,3
N24002048,3
N24002049,3
N24002050,3
N24002051,3
N24002052,3
N24002053,3
N24002054,3
N24002055,3
N24002056,3
N24002057,3
N24002058,3
N24002059,3
N24002060,3
N24002061,3
N24002062,3
N24002063,3
N24002064,3
N24002065,3
N24002066,3
N24002067,3
N24002068,3
N24002069,3
N24002070,3
N24002071,3
N24002072,3
N24002073,3
N24002074,3
N24002075,3
N24002076,3
N24002077,3
N24002078,3
N24002079,3
N24002080,3
N24002081,3
N24002082,3
N24002083,3
N24002084,3
N24002085,2
N24002086,3
N24002087,3
N24002088,3
N24002089,3
N24002090,3
N24002091,3
N24002092,3
N24002093,3
N24002094,3
N24002095,3
N24002096,3
N24002097,3
N24002098,3
N24002100,3
N24002101,3
N24002102,3
N24002103,3
N24002104,3
N24002105,3
N24002106,3
N24002107,3
N24002108,3
N24002109,3
N24002110,3
N24002111,3
N24002112,3
N24002113,3
N24002114,3
N24002115,3
N24002116,3
N24002117,3
N24002118,3
N24002119,3
N24002120,3
N24002121,3
N24002122,3
N24002123,3
N24002124,3
N24002125,3
N24002126,3
N24002127,3
N24002128,3
N24002129,3
N24002130,3
N24002131,3
N24002132,3
N24002133,3
N24002134,3
N24002135,3
N24002136,3
N24002137,2
N24002138,3
N24002139,3
N24002140,3
N24002141,1
N24002142,3
N24002143,3
N24002144,3
N24002145,3
N24002146,3
N24002147,3
N24002148,3
N24002149,3
N24002150,3
N24002151,3
N24002152,3
N24002153,3
N24002154,3
N24002155,3
N24002156,3
N24002157,3
N24002158,3
N24002159,3
N24002160,3
N24002161,3
N24002162,3
N24002163,3
N24002164,3
N24002165,3
N24002166,3
N24002167,3
N24002168,3
N24002169,3
N24002170,3
N24002171,3
N24002172,3
N24002173,3
N24002174,3
N24002175,3
N24002176,3
N24002177,3
N24002178,3
N24002179,3
N24002180,3
N24002181,3
N24002182,3
N24002183,3
N24002184,3
N24002185,3
N24002186,3
N24002187,3
N24002188,3
N24002189,3
N24002190,3
N24002191,3
N24002192,3
N24002193,3
N24002194,3
N24002195,3
N24002196,3
N24002197,3
N24002198,3
N24002199,3
N24002200,3
N24002201,3
N24002202,3
N24002203,3
N24002204,3
N24002205,3
N24002206,3
N24002207,3
N24002208,3
N24002209,3
N24002210,3
N24002211,3
N24002212,3
N24002213,3
N24002214,3
N24002215,3
N24002216,3
N24002217,3
N24002219,3
N24002220,3
N24002221,3
N24002222,3
N24002223,3
N24002224,3
N24002225,3
N24002226,3
N24002227,3
N24002228,3
N24002229,3
N24002230,3
N24002231,3
N24002232,3
N24002233,3
N24002234,3
N24002235,3
N24002236,3
N24002237,3
N24002238,3
N24002239,3
N24002240,3
N24002241,3
N24002242,3
N24002243,3
N24002244,3
N24002245,2
N25000072,3
N26000114,3
N26000115,3
N26000116,3
N26000117,3
N26000118,3
N28000056,3
N28000058,3
N28000067,3
N28000071,3
N28000086,3
N28000098,3
N28000100,3
N28000104,2
N28000105,3
N28000109,3
N28000112,2
N28000115,3
N28000117,3
N28000121,2
N28000122,3
N28000124,3
N28000125,3
N28000126,3
N28000128,3
N28000129,3
N28000130,3
N28000131,3
N28000134,3
N28000135,3
N28000137,3
N28000138,3
N28000140,3
N28000141,3
N28000142,3
N28000144,3
N28000145,3
N28000146,3
N28000147,3
N28000148,3
N28000149,3
N28000150,3
N28000151,3
N28000153,3
N28000154,2
N28000155,3
N28000156,3
N28000157,3
N28000158,3
N28000159,2
N28000160,3
N30000002,3
N30000014,3
N30000021,3
N30000024,3
N30000026,3
N30000027,3
N30000032,3
N30000034,3
N30000035,3
N30000036,3
N30000039,3
N30000042,3
N30000044,3
N30000050,3
N30000051,3
N38000001,2
N40000001,3
N40000002,3
N42000001,3
N42000002,3
N42000005,3
N42000006,3
N42000007,3
N42000008,3
N42000009,3
N42000010,3
N42000011,3
N44000002,3
N45000002,3
N45000003,2
NER,1
NFR,1
NHAI,1
NHIDCL,1
NHPC,1
NLC,1
NR,1
NTPC,1
NWR,1
ONGC,1
PGCIL,1
RVNL,1
SCR,1
SECR,1
SER,1
SJVN,1
SR,1
SWR,1
WCL,1
WCR,1
WR,1
