Feature,Importance
expenditure_ratio,0.12187871095925464
expenditure,0.11770553584286314
physical_progress,0.10101202272640511
previous_expenditure,0.06279880977608429
previous_progress,0.05584502143896451
sector_Coal,0.04377419550320704
ministry_final_Ministry_of_Coal,0.043143766832601994
original_cost,0.04041332972983495
agency_final_National_Highways_Authority_of_India__NHAI_,0.026017260480209664
sector_Water_Resources,0.02218639389532108
ministry_final_Department_of_Water_Resources__River_Development___GR,0.016262167500395695
agency_final_MoRTH,0.014320754729533747
agency_final_NHIDCL,0.01351423046429556
ministry_final_Unknown,0.012846530882744685
agency_final_Western_Coalfields_Limited__WCL_,0.011861124048592464
state_Unknown,0.01152583558769187
expenditure_change,0.011116622428896102
expenditure_velocity,0.00943814101712174
sector_Unknown,0.008918446893475991
sector_Transmission___Distribution,0.007252380187374882
agency_final_Ministry_of_Coal,0.006609780316885282
agency_final_Power_Grid_Corporation_of_India_Limited__POWERGRID_,0.006312305180780693
sector_Electricity_Generation,0.005833854295339904
state_Himachal_Pradesh,0.005812057717382227
sector_Waste___Water,0.005454443566364782
ministry_final_Ministry_of_Road_Transport___Highways,0.005375750154421502
agency_final_South_Eastern_Coalfields_Limited__SECL_,0.004890987016581503
days_since_first_report,0.004716580840198227
agency_final_Central_Railway__CR____II,0.004442497556209298
state_Punjab,0.004420901494298093
agency_final_Airport_Authority_of_India__AAI_,0.004416103699157669
progress_change,0.004412755615248549
days_since_previous,0.004411600285564353
agency_final_Irrigation_and_CAD_TG,0.0040204345643229155
state_Rajasthan,0.004004683093670909
progress_velocity,0.0036942131523017463
agency_final_Eastern_Coal_Fields_Limited__ECL_,0.003659750593484427
sector_Roads___Highways,0.0035953315776886562
agency_final_Department_of_water_resources_MH___II,0.003111182685592371
state_Jharkhand,0.003090504681642636
previous_observations,0.002971787238200741
state_Haryana,0.0029202341598468513
months_observed,0.0029131432656577735
agency_final_National_Mission_for_Clean_Ganga,0.00268835142534926
agency_final_Central_Railway,0.0026761970791462386
sector_Metals___Mining,0.0024892477250788862
agency_final_Steel_Authority_of_India_Limited__SAIL_,0.002482140904251573
agency_final_National_Thermal_Power_Corporation__NTPC_,0.0024613336813729693
start_date_Unknown,0.002284740160433269
state_Bihar,0.002184031857970465
state_Manipur,0.0021097138092678537
start_date_02_2023,0.001996634061103382
agency_final_Ministry_of_Petroleum___Natural_Gas,0.0019931487040483584
state_Meghalaya,0.001912724277208166
approval_date_Unknown,0.0018645947909233821
approval_date_03_2024,0.001757449429876814
approval_date_03_2023,0.00175430583562039
sector_Steel,0.0017449997483158972
agency_final_Singareni_Collieries_Company_Limited__SCCL_,0.0017197644680562022
approval_date_03_2025,0.0016988114807646017
sector_Aviation___Aviation_Infrastructure,0.0016219924590618227
state_Andhra_Pradesh,0.0016051501439066293
agency_final_Indian_Railway_Construction_International_Limited__IRCON_,0.0015646530824726679
agency_final_Water_Resources_AP,0.001555378121940532
agency_final_Bharat_Petroleum_Corporation_Limited__BPCL_,0.0015407154314465116
approval_date_02_2024,0.0015111948478578711
ministry_final_Ministry_of_Civil_Aviation,0.0014846078523863236
sector_Railways,0.0014372833254572073
ministry_final_Ministry_of_Railways,0.0014338419820746394
state_Chhattisgarh,0.0014319124030885242
approval_date_12_2022_1,0.0014070901667267287
approval_date_08_2024,0.001400339980053904
agency_final_Western_Railway__WR____II_1,0.0013718293877492478
ministry_final_Ministry_of_Power,0.00132467466394515
ministry_final_Ministry_of_Health___Family_Welfare,0.0013093265894722848
start_date_12_2022,0.0012974379322839428
state_Mizoram,0.001233057393194332
agency_final_NHAI,0.001214847928146814
state_Multi_States__Madhya_Pradesh__Uttar_Pradesh_,0.0011842098674115088
start_date_03_2023,0.0011684757325100615
agency_final_East_Coast_Railway__ECoR____II,0.0011599370299295155
approval_date_02_2023,0.0011323700392471931
start_date_03_2024,0.0011077980218013928
approval_date_12_2023__12_2023_,0.001051622865974351
sector_Education,0.0010211914607041691
agency_final_AAI,0.0009964314630836208
sector_Oil___Gas,0.000995784834282074
approval_date_12_2022__12_2022_,0.000984727533726889
approval_date_05_2023,0.0009753384843738894
state_Assam,0.0009072942364020178
sector_Healthcare,0.0008964688492372327
agency_final_Ministry_of_Housing___Urban_Affairs,0.000884874349384668
agency_final_RVNL___II,0.0008670286256157445
state_Offshore,0.0008543427037040497
start_date_02_2024,0.0008516077816206419
state_Uttar_Pradesh,0.0008337456106446328
approval_date_09_2024,0.0008190622305471907
approval_date_02_2019,0.0008015779786142814
state_West_Bengal,0.0008002478749528477
sector_Telecommunication,0.0007979193698668227
state_Multi_States__Bihar__Jharkhand_,0.0007881870030220478
approval_date_11_2024,0.0007810508574891639
ministry_final_Ministry_of_Steel,0.0007799487472817597
agency_final_Water_Resources_MP,0.0007650739625716741
start_date_03_2025,0.0007391660068505337
agency_final_Satluj_Jal_Vidyut_Nigam__SJVN__Thermal_Limited,0.000738083321979528
approval_date_01_2025,0.0007370039554947642
ministry_final_Ministry_of_Housing___Urban_Affairs,0.0007097412385305403
state_Gujarat,0.0007020311981350249
agency_final_THDC_India_Limited,0.0006949079924670708
agency_final_Mahanadi_Coalfields_Limited__MCL_,0.0006889344956170262
ministry_final_Ministry_of_Mines,0.0006869506162928724
agency_final_Mumbai_Rail_Vikas_Corporation_Ltd__MRVC_,0.0006619616432885069
state_Tamil_Nadu,0.000658960437883121
agency_final_Karnataka_Rail_Infrastructure_Development_Company_Limited__K_RIDE_,0.000649316707049928
state_Odisha,0.0006475751078489304
approval_date_04_2023,0.0006390942269727995
approval_date_12_2023,0.0006363875045222136
state_Multi_States__Odisha__West_Bengal_,0.0006314547784341005
sector_Real_Estate,0.0006288577033745153
state_Multi_States__Karnataka__Tamil_Nadu_,0.0006141421409289904
approval_date_01_2020,0.0005979756582652945
start_date_05_2023,0.0005882774534629381
agency_final_Department_of_Water_Resources_PB,0.0005788628026988689
start_date_09_2024,0.000575450409947817
agency_final_North_Western_Railway__NWR_,0.0005732525209937429
start_date_01_2024,0.0005698054282587078
agency_final_Narmada_and_Water_Resources__Water_Supply_and_Kalpsar_Department_GJ,0.0005654120523503113
approval_date_2_2017,0.0005467903595181489
agency_final_Medical_Education__Ministry_of_Health_and_Family_Welfare,0.0005446269185109856
ministry_final_Ministry_of_Petroleum___Natural_Gas,0.0005416920966345476
ministry_final_Ministry_of_Ports__Shipping_and_Waterways,0.0005262410741656269
agency_final_WR,0.0005182545562369032
start_date_08_2024,0.0005170555647865508
state_Madhya_Pradesh,0.0005168369975019882
agency_final_Northern_Coalfields_Limited__NCL_,0.0005147252940772888
agency_final_Department_of_Water_Resources__River_Development___GR,0.0005100222876764023
approval_date_04_2008__04_2008_,0.0005020717633294939
agency_final_MinistryofPetroleumNaturalGas,0.0005017649791817598
sector_CIVIL_AVIATION,0.0004961691838416513
ministry_final_Department_of_Telecommunications,0.0004894607448286881
agency_final_East_Central_Railway__ECR____I,0.0004894250279662765
state_Jammu_and_Kashmir,0.0004846008695687525
state_Nagaland,0.0004763404033501546
state_Maharashtra,0.0004704951338414001
approval_date_01_2024,0.0004704658132396912
agency_final_West_Central_Railway__WCR____II,0.000463731601262256
sector_Shipping,0.0004515124286764045
state_Telangana,0.0004395223564378764
state_Multi_States__Madhya_Pradesh__Maharashtra_,0.00042904525970481096
ministry_final_Department_of_Higher_Education,0.0004201619948269319
start_date_04_2008,0.0004084359566355575
agency_final_Oil_and_Natural_Gas_Corporation_Limited__ONGC_,0.00040523713327570565
agency_final_NLC_India_Limited__NLCIL_,0.0003991778457469219
approval_date_04_2017,0.0003972953552188639
state_Arunachal_Pradesh,0.0003937699229140633
approval_date_12_2021_1,0.00038924970918838346
agency_final_ministry_of_housing_and_urban_affairs,0.00038845638602250055
approval_date_01_2022,0.0003851818844019565
agency_final_Deendayal_Port_Trust__DPT_,0.0003845472681544518
agency_final_South_Central_Railway__SCR____II,0.00038178535583742397
agency_final_BSNL,0.0003678461523374004
approval_date_09_2021,0.0003552701865401582
approval_date_11_2024__11_2024_,0.0003425614723283804
state_Multi_States__Arunachal_Pradesh__Assam_,0.00033413241484407815
agency_final_Sikkim_University,0.00033394944120158216
agency_final_IOCL,0.00032944329719371464
state_Tripura,0.0003274634112733195
state_Kerala,0.0003251367018456833
approval_date_10_2024,0.00031974299241805326
approval_date_08_2022,0.00031480175618054583
approval_date_09_2024__09_2024_,0.0003041373256489597
state_Karnataka,0.0002971704310988935
start_date_02_2019,0.0002943879050723945
state_Uttarakhand,0.0002923642863965317
approval_date_3_2018,0.0002917056169760042
agency_final_WPO_Patna,0.00028928234127251575
sector_Urban_Public_Transport,0.0002817974499487192
approval_date_01_2022__01_2022_,0.0002800334165024423
approval_date_04_2022,0.00027896692542373196
start_date_01_2018,0.0002774621469532216
agency_final_MCL___CIL,0.0002735066023695407
approval_date_03_2017,0.0002677913747038485
start_date_03_2016,0.00026577800474551154
agency_final_Hindustan_Petroleum_Corporation_Limited__HPCL_,0.00026256406190052113
approval_date_09_2021__09_2021_,0.00026064559796284487
approval_date_08_2024__08_2024_,0.0002600695369415751
approval_date_12_2024_1,0.0002590103583564264
agency_final_PMSSY_AND_Institute_of_NATIONAL_Importance,0.0002581818208346811
agency_final_North_Central_Railway,0.0002549053618906601
agency_final_Unknown,0.0002498054916516043
agency_final_CAO_C_SER,0.0002489509332952961
agency_final_National_Mineral_Development_Corporation_Limited__NMDC_,0.0002488352463382145
approval_date_04_2020,0.00024729930270393996
approval_date_01_2018,0.00024641614574920156
start_date_01_2020,0.00024133749842083322
state_Multi_States__Madhya_Pradesh__Rajasthan_,0.00024041149477866454
approval_date_03_2016,0.00023874448421875764
state_Multi_States__Himachal_Pradesh__Punjab_,0.00023640665967703008
approval_date_02_2025,0.00023416125143527872
state_Delhi,0.00022941643109148572
agency_final_South_Western_Railway__SWR____II,0.0002271642111151564
start_date_04_2019,0.00022576138296674926
agency_final_Chennai_Petroleum_Corporation_Limited__CPCL_,0.00022351860252570253
agency_final_Railway,0.00022133793109715735
approval_date_01_2019,0.00021739789483896923
state_Multi_States__Andhra_Pradesh__Odisha_,0.00021726457328115128
approval_date_04_2008,0.00021180801962196368
state_Sikkim,0.00020732692154633344
agency_final_National_Aluminium_Company_Limited__NALCO_,0.0002046625268854137
approval_date_5_2022,0.00020108690769764118
sector_PETROLEUM,0.00018911252529046798
sector_Energy_Storage,0.00018628274979067433
approval_date_05_2023__05_2023_,0.00018567495707552225
approval_date_10_2023,0.00018114220493647555
state_Multi_States__Delhi__Rajasthan_,0.0001798315685399991
approval_date_03_2018,0.0001791469868097139
approval_date_01_2023,0.00017846280572298494
start_date_02_2021,0.00017643724855879848
approval_date_02_2018,0.00017500176758587815
agency_final_Indian_Institute_of_Management__Jammu,0.00016818322802446183
approval_date_08_2023,0.00016692046925755353
state_Multi_States__Dadra___Nagar_Haveli_and_Daman___Diu__Gujarat__Maharashtra_,0.00016622685433262562
start_date_05_2020,0.00016605669577237787
agency_final_NRL,0.0001643240961573459
start_date_01_2023,0.00016020614325313446
state_Multi_States__Andhra_Pradesh__Tamil_Nadu_,0.00015775538222979595
start_date_04_2023,0.00015712601115190985
state_Multi_States__Haryana__Himachal_Pradesh_,0.00015697650387570334
approval_date_03_2025__03_2025_,0.0001548466383016239
state_Multi_States__Andhra_Pradesh__Telangana_,0.00015209753207677597
agency_final_MIS_MoCoal_Integration_Logins,0.00015158262716270384
agency_final_Madhya_Pradesh_Metro_Rail_Co_Limited__MPMRCL_,0.00015044521604594988
agency_final_Employee_s_State_Insurance_Company__ESIC_,0.0001494098098353263
approval_date_09_2016__09_2016_,0.0001492788316300297
approval_date_04_2023__04_2023_,0.00014892275504098309
approval_date_05_2020,0.00014663744587790507
start_date_12_2023,0.0001453282789886573
approval_date_11_2022_1,0.0001439904012732749
start_date_12_2021,0.00014180536521987973
approval_date_08_2020__08_2020_,0.00014008072287101817
state_Multi_States__Assam__Manipur__Meghalaya__Mizoram__Nagaland__Tripura_,0.00013961559535150757
approval_date_03_2022,0.0001381209727884408
agency_final_SECR,0.0001334728653386322
agency_final_South_East_Central_Railway__SECR____II,0.00013249130673314853
approval_date_06_2016,0.00012822439218251343
agency_final_Northeast_Frontier_Railway__NFR_,0.00012791951434537106
approval_date_02_2019__02_2019_,0.00012764980953797173
state_Multi_States__Delhi__Gujarat__Madhya_Pradesh__Maharashtra__Rajasthan_,0.00012733305433028152
agency_final_Ministry_of_Railways,0.00012695897502302387
state_Andaman___Nicobar,0.00012446607843591022
approval_date_10_2021_1,0.0001239241390149132
sector_Tourism__Hospitality___Wellness,0.0001227970124889097
approval_date_02_2023__02_2023_,0.00012227020073414128
approval_date_11_2023,0.00012189867063736184
has_physical_progress,0.00011903863648771951
approval_date_03_2024__03_2024_,0.00011893866950074162
state_Multi_States__Jharkhand__West_Bengal_,0.0001182583339846005
agency_final_EDTK_MC__RB,0.00011640838319669593
approval_date_03_2019,0.0001156070080591564
agency_final_Rail_Land_Development_Authority,0.00011402480236174819
approval_date_04_2005,0.00011392028642209299
state_Multi_States__Andhra_Pradesh__Karnataka_,0.00010885542316791735
state_Multi_States__Sikkim__West_Bengal_,0.00010848275543650928
approval_date_04_2005__04_2005_,0.00010817466730718274
approval_date_04_2022__04_2022_,0.00010620266044775745
approval_date_07_2020,0.00010188702934099176
start_date_10_2024,0.00010157251185189458
approval_date_02_2016,0.00010155864302859423
state_Multi_States__Arunachal_Pradesh__Sikkim_,0.00010003739857858422
agency_final_Indian_Port_Rail___Ropeway_Corporation_Ltd___IPRCL_,9.70756439876471e-05
state_PAN_India,9.632251390268838e-05
ministry_final_Ministry_of_Labour_and_Employment,9.542926922887475e-05
agency_final_SWR,9.495483307095713e-05
sector_Inland_Waterways,9.31318941895713e-05
start_date_02_2018,9.278675863948828e-05
start_date_01_2025,9.226493377594935e-05
approval_date_02_2021,9.189232123753217e-05
start_date_08_2022,9.160855419538793e-05
approval_date_04_2025,9.086809350481595e-05
approval_date_04_2017__04_2017_,8.931513078998664e-05
start_date_01_2019,8.908066314797666e-05
agency_final_Northen_Railway__NR_,8.846273789468765e-05
approval_date_08_2020,8.837685922379782e-05
agency_final_Damodar_Valley_Corporation,8.809369711367489e-05
state_Multi_States__Andhra_Pradesh__Bihar__Chhattisgarh__Jharkhand__Madhya_Pradesh__Maharashtra__Odisha__Telangana__Uttar_Pradesh__West_Bengal_,8.80140172570498e-05
agency_final_CAO_C_II_NR,8.776120798957167e-05
approval_date_10_2022_1,8.58626943410428e-05
agency_final_Water_Resources_CT,8.465092893252587e-05
start_date_02_2016,8.462438112797808e-05
approval_date_11_2018__11_2018_,8.289369316770784e-05
approval_date_07_2024__07_2024_,8.211214998503911e-05
approval_date_02_2017,8.133997651517825e-05
state_Multi_States__Haryana__Punjab_,7.959947293352072e-05
agency_final_National_Hydroelectric_Power_Corporation_Limited__NHPC__1,7.856650922109394e-05
agency_final_Maharashtra_Metro_Rail_Corporation_Limited__MMRCL_,7.736957161957859e-05
agency_final_Hindustan_Petroleum_Corporation_Limited,7.730987122140729e-05
approval_date_05_2021,7.726557636229203e-05
start_date_03_2018,7.722501660402764e-05
approval_date_11_2017_1,7.69087946871481e-05
approval_date_03_2021,7.680998333785806e-05
approval_date_09_2020,7.577590996021818e-05
approval_date_09_2022,7.532029625120676e-05
approval_date_02_2022,7.313374575195103e-05
agency_final_DFCCIL,7.293996545908601e-05
approval_date_09_2009,7.291149198406883e-05
approval_date_10_2023__10_2023_,7.203576015762216e-05
approval_date_03_2022__02_2023_,6.980421456331347e-05
agency_final_Western_Railway,6.951878074042018e-05
state_Multi_States__Assam__Nagaland_,6.928893983815362e-05
start_date_01_2022,6.90855226519287e-05
approval_date_07_2022,6.661990626207415e-05
start_date_06_2022,6.630706911901524e-05
start_date_08_2023,6.62420723945821e-05
approval_date_01_2021,6.600717536720153e-05
approval_date_04_2007,6.57466454288059e-05
agency_final_Central_University__Himachal_Pradesh,6.472319442762852e-05
approval_date_07_2023,6.422744726902498e-05
start_date_11_2024,6.40892595588651e-05
approval_date_03_2020,6.259126743682782e-05
state_Multi_States__Bihar__Jharkhand__Uttar_Pradesh__West_Bengal_,6.167668234917265e-05
agency_final_Department_of_Telecommunications__DoT_,6.125566872746837e-05
agency_final_Hindustan_Copper_Limited__HCL_,6.067504293578087e-05
agency_final_Irrigation___Water_Resources_UP,5.824493351961947e-05
agency_final_Indian_Institute_of_Management__Sirmaur,5.7838293547180315e-05
state_Puducherry,5.773716620781271e-05
start_date_03_2022,5.742619061622345e-05
agency_final_East_Central_Railway__ECR____II,5.660962285471181e-05
agency_final_RVNL,5.623857859735228e-05
state_Multi_States__Jharkhand__Odisha_,5.50463964144143e-05
agency_final_Central_Organisation_for_Railway_Electrification__CORE_,5.348853439435902e-05
start_date_01_2021,5.32226112480457e-05
approval_date_04_2021,5.29024990333961e-05
agency_final_North_Eastern_Railway__NER_,5.265443460083693e-05
start_date_09_2021,5.2493685936580255e-05
start_date_10_2023,5.198089198352125e-05
approval_date_11_2022__11_2022_,5.1908954785184405e-05
state_Multi_States__Karnataka__Kerala__Tamil_Nadu_,5.142620977401686e-05
approval_date_05_2018,5.133113133689606e-05
approval_date_11_2016__08_2018_,5.115423113563291e-05
approval_date_10_2017_1,5.0508122863986256e-05
approval_date_04_2016__04_2016_,4.9630938969839704e-05
approval_date_11_2016_1,4.955678492308805e-05
state_Multi_States__Chhattisgarh__Madhya_Pradesh__Maharashtra__Odisha_,4.914053945566223e-05
approval_date_03_2023__03_2023_,4.892797990138567e-05
approval_date_09_2022__05_2024_,4.827350810796326e-05
agency_final_North_Eastern_Electric_Power_Corporation_Limited,4.793819203614528e-05
state_Multi_States__Gujarat__Rajasthan_,4.7857179986283066e-05
start_date_08_2021,4.7781982176524494e-05
approval_date_11_2018,4.696432901580387e-05
start_date_11_2019,4.6626615273739384e-05
approval_date_12_2018_1,4.592953424837229e-05
approval_date_07_2021__07_2021_,4.486415705586746e-05
agency_final_Northern_Railways,4.473940491682425e-05
agency_final_Eastern_Railway__ER____I,4.431714677871865e-05
approval_date_04_2014,4.403602693886081e-05
approval_date_04_2025__04_2025_,4.374985487257873e-05
approval_date_3_2022,4.294555232823396e-05
state_Multi_States__Madhya_Pradesh__Rajasthan__Uttar_Pradesh_,4.288941183422472e-05
approval_date_07_2024,4.258943328872578e-05
state_Multi_States__Kerala__Tamil_Nadu_,4.256349991525734e-05
agency_final_National_High_Speed_Rail_Corporation__NHSRC_,4.167285275893498e-05
approval_date_10_2023__11_2023_,4.154448321713684e-05
approval_date_08_2023__08_2023_,4.072875756742231e-05
approval_date_01_2022__01_2023_,3.893337542135453e-05
approval_date_06_2024,3.891769128428421e-05
approval_date_11_2020_1,3.8826623294596224e-05
start_date_10_2021,3.8563149380647036e-05
agency_final_Western_Railway_WR___II,3.779385180454286e-05
start_date_04_2005,3.758510105057076e-05
start_date_02_2022,3.7514881028125414e-05
approval_date_01_2025__01_2025_,3.751146373056123e-05
start_date_04_2025,3.658897034046273e-05
agency_final_Gujarat_Metro_Rail_Corporation_Limited__GMRCL_,3.652457825753096e-05
start_date_05_2022,3.6074955289258546e-05
approval_date_04_2017__04_2018_,3.5420620225087756e-05
approval_date_01_2017,3.4879752773872394e-05
agency_final_Department_of_Telecommunications,3.3830470628564934e-05
approval_date_04_2020__04_2020_,3.382319347608118e-05
approval_date_08_2022__08_2022_,3.34740359080511e-05
agency_final_Mumbai_Port_Trust__MPT_,3.302000579855081e-05
start_date_03_2017,3.29115689084143e-05
start_date_10_2022,3.290206729068739e-05
state_Multi_States__Rajasthan__Uttar_Pradesh_,3.2730760247903564e-05
approval_date_06_2021,3.2129114698891535e-05
start_date_12_2015,3.09685124883055e-05
agency_final_National_Institute_of_Technology__Meghalaya,3.043034074476239e-05
start_date_09_2016,3.0275597861823627e-05
approval_date_1_2018,3.004663639286825e-05
approval_date_06_2020,2.994324244386949e-05
start_date_04_2017,2.9871024675478375e-05
approval_date_03_2018__06_2018_,2.9714940992215765e-05
start_date_11_2022,2.9621473172115157e-05
approval_date_12_2020_1,2.9519484708626012e-05
state_Multi_States__Arunachal_Pradesh__Assam__Manipur__Meghalaya__Mizoram__Nagaland__Sikkim__Tripura__West_Bengal_,2.9405716712136478e-05
approval_date_06_2022,2.9110794884344728e-05
approval_date_09_2025__09_2025_,2.8860127240776802e-05
approval_date_10_2019,2.881276563030449e-05
approval_date_04_1996__04_1996_,2.874000075225283e-05
state_Multi_States__Maharashtra__Telangana_,2.8074057418372705e-05
state_Multi_States__Gujarat__Haryana__Punjab__Rajasthan_,2.7888661988782592e-05
approval_date_11_2021_1,2.757596293050105e-05
state_Multi_States__Gujarat__Maharashtra_,2.743913504770826e-05
approval_date_07_2021,2.6542888251271894e-05
state_Multi_States__Delhi__Uttar_Pradesh_,2.6440564543696948e-05
state_Multi_States__Bihar__Uttar_Pradesh_,2.639928587822549e-05
start_date_02_2025,2.6245950474590547e-05
agency_final_Delhi_Metro_Rail_Corporation_Limited__DMRC_,2.6164037141267037e-05
start_date_02_2017,2.6027832612583175e-05
agency_final_Ministry_of_Petroleum_and_Natural_Gas,2.5204175732642533e-05
approval_date_01_2022__12_2022_,2.419484717361735e-05
approval_date_04_2005__01_2006_,2.3960605096401886e-05
state_Multi_States__Karnataka__Maharashtra_,2.385039058830384e-05
state_Multi_States__Goa__Karnataka_,2.3810696680840995e-05
agency_final_Metro_Railway__Kolkata,2.3763533535003567e-05
agency_final_Construction_NER,2.3743481484805557e-05
agency_final_Adani_Transmission_Limited,2.3583658686301e-05
sector_RAILWAYS,2.3385865803873105e-05
start_date_03_2021,2.3196404129160847e-05
start_date_11_2016,2.3187324812724497e-05
approval_date_03_2017__11_2017_,2.2700651110907838e-05
agency_final_CAO_C_NCR,2.1818562838125638e-05
agency_final_National_Highways___Infrastructure_Development_Corporation_Ltd___NHIDCL_,2.178448519577098e-05
approval_date_01_2023__01_2023_,2.1742033154534615e-05
agency_final_Indian_Oil_Corporation_Limited__IOCL_,2.143095471014517e-05
start_date_11_2023,2.0989453540375823e-05
start_date_03_2019,2.0074773248325607e-05
agency_final_Water_Resources_OR,2.0008261758326947e-05
start_date_10_2014,1.9939986291549425e-05
approval_date_04_2019,1.9856102032461847e-05
agency_final_Indian_Institute_of_Technology__Kharagpur,1.956418157712998e-05
agency_final_ECL___CIL,1.945129667866763e-05
sector_DEPARTMENT_OF_HIGHER_EDUCATION,1.9375208076804674e-05
approval_date_06_2019,1.9326696395395324e-05
start_date_12_2018,1.926408193047853e-05
state_Multi_States__Gujarat__Madhya_Pradesh_,1.861488590088797e-05
state_Multi_States__Gujarat__Haryana__Rajasthan_,1.858953498507509e-05
approval_date_3_2021,1.7850724765253733e-05
state_Multi_States__Haryana__Rajasthan_,1.7685287377894774e-05
start_date_07_2021,1.7638002751614423e-05
start_date_11_2018,1.6980150911236585e-05
agency_final_PCE_NCR,1.6815066242158793e-05
start_date_04_2022,1.6517971119382258e-05
agency_final_National_Industrial_Corridor_Development_Corporation,1.641433415243517e-05
start_date_07_2020,1.6321656994360836e-05
approval_date_05_2022,1.584022873442694e-05
state_Multi_States__Uttar_Pradesh__Uttarakhand_,1.5400190302703336e-05
start_date_01_2017,1.5171179398099082e-05
start_date_03_2020,1.5042889486965678e-05
start_date_09_2019,1.4629162201859645e-05
state_Multi_States__Puducherry__Tamil_Nadu_,1.4488158010037989e-05
approval_date_07_2019__07_2019_,1.4343034059187236e-05
approval_date_04_1996,1.4131078217852843e-05
approval_date_08_2015,1.3981820375725482e-05
approval_date_12_2021__12_2021_,1.3451449629301075e-05
start_date_06_2020,1.2792267781242922e-05
approval_date_04_2016,1.2173852016212098e-05
approval_date_8_2020,1.131862360201476e-05
approval_date_06_2023,1.0581296254428337e-05
agency_final_Water_Resources_KA,1.0187569025658141e-05
start_date_12_2024,1.0022552811819816e-05
approval_date_04_2014__04_2014_,9.701711889979448e-06
start_date_12_2020,9.237970661507538e-06
agency_final_BUIDCO,8.874890224160547e-06
start_date_03_2013,8.73098971803453e-06
approval_date_12_2024__12_2024_,8.232365235979248e-06
approval_date_11_2016__08_2020_,7.4704983814389814e-06
agency_final_PCE_WR,7.372620826922665e-06
agency_final_National_Institute_of_Technology_Uttarakhand,7.290077663229161e-06
approval_date_12_2015_1,6.959788214414794e-06
agency_final_INDIAN_INSTITUTE_OF_TECHNOLOGY_PALAKKAD,6.9322165661440215e-06
approval_date_09_2025,6.239427546064234e-06
approval_date_06_2024__06_2024_,6.238009619104324e-06
start_date_11_2021,6.044856936097442e-06
start_date_01_2016,5.817763376113004e-06
state_Multi_States__Assam__Bihar__Jharkhand__Odisha__West_Bengal_,5.732115498344765e-06
start_date_09_2020,5.729135790473415e-06
agency_final_Department_of_Water_Resources_JH,5.701304752154597e-06
agency_final_Uttar_Pradesh_metro_rail_corporation__UPMRC_,5.575478892656206e-06
approval_date_3_2020,5.566348588160577e-06
approval_date_03_2010,5.399367373371861e-06
approval_date_09_2019,5.394644414038669e-06
approval_date_02_2020,5.3804114600441955e-06
approval_date_02_2025__02_2025_,5.295808573524221e-06
approval_date_05_2018__05_2018_,5.231822436920228e-06
approval_date_07_2019,4.839324266479366e-06
start_date_09_2022,4.835639549690155e-06
agency_final_Water_Resources_Department_MN,4.702121815885261e-06
approval_date_02_2017__12_2018_,4.129731904184108e-06
approval_date_03_2018__03_2017_,3.912725332711368e-06
approval_date_02_2020__02_2020_,3.840893246366536e-06
approval_date_03_2020__03_2020_,3.6138958004231872e-06
approval_date_04_2018,3.2980123981500514e-06
start_date_08_2020,3.189224139395873e-06
approval_date_10_2024__10_2024_,3.1467237311821655e-06
approval_date_06_2022__06_2022_,2.669218396829624e-06
sector_Construction,2.6095866271822775e-06
approval_date_07_2023__07_2023_,2.5267176922665567e-06
start_date_04_2020,2.472095683146375e-06
approval_date_07_2020__10_2020_,2.4275438564085023e-06
approval_date_11_2020__11_2020_,2.3857064178237706e-06
agency_final_CentralRailway,2.1855609914927876e-06
approval_date_03_2022__03_2022_,2.0691436429599678e-06
agency_final_Patna_Metro_Rail_Corporation_Ltd___PMRCL_,2.0184136498565933e-06
agency_final_ECR,1.566036346948009e-06
state_Multi_States__Bihar__West_Bengal_,8.45719778866668e-07
agency_final_CPWD_EDUCATION,7.296130954900907e-07
approval_date_04_2009,6.253300909847395e-07
agency_final_National_Hydroelectric_Power_Corporation_Limited__NHPC_,5.44902167831874e-07
approval_date_01_2016,5.041655427246816e-07
approval_date_12_2020__12_2020_,7.675286930739939e-08
approval_date_01_2008,0.0
approval_date_01_2009,0.0
approval_date_01_2009__11_2009_,0.0
approval_date_01_2010,0.0
approval_date_01_2011,0.0
approval_date_01_2012,0.0
approval_date_01_2014,0.0
approval_date_01_2014__01_2014_,0.0
approval_date_01_2014__10_2016_,0.0
approval_date_01_2014__10_2017_,0.0
approval_date_01_2014__11_2016_,0.0
approval_date_01_2016__01_2023_,0.0
approval_date_01_2016__09_2024_,0.0
approval_date_01_2016__10_2017_,0.0
approval_date_01_2016__10_2024_,0.0
approval_date_01_2017__01_2017_,0.0
approval_date_01_2017__01_2024_,0.0
approval_date_01_2017__05_2017_,0.0
approval_date_01_2017__06_2017_,0.0
approval_date_01_2017__08_2017_,0.0
approval_date_01_2018__01_2018_,0.0
approval_date_01_2018__02_2018_,0.0
approval_date_01_2018__05_2018_,0.0
approval_date_01_2018__06_2018_,0.0
approval_date_01_2018__08_2018_,0.0
approval_date_01_2018__10_2020_,0.0
approval_date_01_2018__11_2019_,0.0
approval_date_01_2019__01_2019_,0.0
approval_date_01_2019__01_2021_,0.0
approval_date_01_2019__03_2019_,0.0
approval_date_01_2019__04_2017_,0.0
approval_date_01_2019__04_2023_,0.0
approval_date_01_2019__07_2020_,0.0
approval_date_01_2019__10_2021_,0.0
approval_date_01_2019__12_2020_,0.0
approval_date_01_2020__01_2020_,0.0
approval_date_01_2020__07_2021_,0.0
approval_date_01_2020__10_2021_,0.0
approval_date_01_2021__01_2021_,0.0
approval_date_01_2021__01_2022_,0.0
approval_date_01_2021__02_2021_,0.0
approval_date_01_2021__02_2022_,0.0
approval_date_01_2021__04_2022_,0.0
approval_date_01_2021__07_2021_,0.0
approval_date_01_2021__07_2022_,0.0
approval_date_01_2021__09_2022_,0.0
approval_date_01_2021__09_2023_,0.0
approval_date_01_2021__10_2022_,0.0
approval_date_01_2021__12_2021_,0.0
approval_date_01_2022__02_2023_,0.0
approval_date_01_2022__02_2024_,0.0
approval_date_01_2022__03_2023_,0.0
approval_date_01_2022__03_2024_,0.0
approval_date_01_2022__05_2023_,0.0
approval_date_01_2022__07_2022_,0.0
approval_date_01_2022__08_2022_,0.0
approval_date_01_2022__09_2023_,0.0
approval_date_01_2022__09_2024_,0.0
approval_date_01_2022__10_2022_,0.0
approval_date_01_2022__10_2023_,0.0
approval_date_01_2022__10_2024_,0.0
approval_date_01_2022__11_2022_,0.0
approval_date_01_2023__02_2024_,0.0
approval_date_01_2023__02_2025_,0.0
approval_date_01_2023__03_2024_,0.0
approval_date_01_2023__04_2023_,0.0
approval_date_01_2023__05_2023_,0.0
approval_date_01_2023__06_2024_,0.0
approval_date_01_2023__09_2023_,0.0
approval_date_01_2023__11_2023_,0.0
approval_date_01_2023__12_2023_,0.0
approval_date_01_2024__01_2024_,0.0
approval_date_01_2024__01_2025_,0.0
approval_date_01_2024__05_2024_,0.0
approval_date_01_2024__07_2024_,0.0
approval_date_01_2024__09_2024_,0.0
approval_date_01_2025__02_2025_,0.0
approval_date_01_2026,0.0
approval_date_02_2008,0.0
approval_date_02_2008__01_2012_,0.0
approval_date_02_2008__03_2013_,0.0
approval_date_02_2010,0.0
approval_date_02_2010__04_2018_,0.0
approval_date_02_2011,0.0
approval_date_02_2011__02_2011_,0.0
approval_date_02_2011__03_2023_,0.0
approval_date_02_2012,0.0
approval_date_02_2012__02_2012_,0.0
approval_date_02_2013,0.0
approval_date_02_2013__03_2013_,0.0
approval_date_02_2014,0.0
approval_date_02_2014__02_2016_,0.0
approval_date_02_2015,0.0
approval_date_02_2015__02_2015_,0.0
approval_date_02_2015__03_2023_,0.0
approval_date_02_2015__10_2024_,0.0
approval_date_02_2016__04_2018_,0.0
approval_date_02_2016__05_2016_,0.0
approval_date_02_2016__06_2016_,0.0
approval_date_02_2017__02_2017_,0.0
approval_date_02_2017__03_2018_,0.0
approval_date_02_2017__06_2017_,0.0
approval_date_02_2017__07_2018_,0.0
approval_date_02_2017__08_2017_,0.0
approval_date_02_2017__09_2017_,0.0
approval_date_02_2017__09_2022_,0.0
approval_date_02_2017__10_2020_,0.0
approval_date_02_2017__12_2019_,0.0
approval_date_02_2018__02_2018_,0.0
approval_date_02_2018__02_2021_,0.0
approval_date_02_2018__04_2019_,0.0
approval_date_02_2018__05_2018_,0.0
approval_date_02_2018__05_2022_,0.0
approval_date_02_2018__06_2018_,0.0
approval_date_02_2018__06_2022_,0.0
approval_date_02_2018__11_2019_,0.0
approval_date_02_2018__12_2023_,0.0
approval_date_02_2019__01_2022_,0.0
approval_date_02_2019__02_2020_,0.0
approval_date_02_2019__03_2021_,0.0
approval_date_02_2019__09_2019_,0.0
approval_date_02_2019__10_2021_,0.0
approval_date_02_2020__03_2021_,0.0
approval_date_02_2020__05_2022_,0.0
approval_date_02_2020__07_2020_,0.0
approval_date_02_2020__08_2021_,0.0
approval_date_02_2020__09_2020_,0.0
approval_date_02_2020__09_2024_,0.0
approval_date_02_2021__01_2022_,0.0
approval_date_02_2021__01_2023_,0.0
approval_date_02_2021__02_2021_,0.0
approval_date_02_2021__03_2021_,0.0
approval_date_02_2021__03_2022_,0.0
approval_date_02_2021__04_2023_,0.0
approval_date_02_2021__06_2021_,0.0
approval_date_02_2021__06_2023_,0.0
approval_date_02_2021__07_2022_,0.0
approval_date_02_2021__08_2022_,0.0
approval_date_02_2021__10_2021_,0.0
approval_date_02_2021__10_2023_,0.0
approval_date_02_2021__11_2021_,0.0
approval_date_02_2021__12_2021_,0.0
approval_date_02_2021__12_2022_,0.0
approval_date_02_2021__12_2024_,0.0
approval_date_02_2022__01_2023_,0.0
approval_date_02_2022__01_2025_,0.0
approval_date_02_2022__02_2022_,0.0
approval_date_02_2022__02_2024_,0.0
approval_date_02_2022__03_2023_,0.0
approval_date_02_2022__04_2023_,0.0
approval_date_02_2022__05_2023_,0.0
approval_date_02_2022__06_2022_,0.0
approval_date_02_2022__06_2023_,0.0
approval_date_02_2022__07_2023_,0.0
approval_date_02_2022__09_2023_,0.0
approval_date_02_2022__11_2022_,0.0
approval_date_02_2022__12_2022_,0.0
approval_date_02_2023__01_2024_,0.0
approval_date_02_2023__02_2024_,0.0
approval_date_02_2023__03_2024_,0.0
approval_date_02_2023__07_2024_,0.0
approval_date_02_2023__11_2023_,0.0
approval_date_02_2023__12_2022_,0.0
approval_date_02_2024__01_2025_,0.0
approval_date_02_2024__02_2024_,0.0
approval_date_02_2024__03_2024_,0.0
approval_date_02_2024__03_2025_,0.0
approval_date_02_2024__04_2023_,0.0
approval_date_02_2024__08_2024_,0.0
approval_date_02_2026,0.0
approval_date_03_1983,0.0
approval_date_03_1983__05_1985_,0.0
approval_date_03_1994,0.0
approval_date_03_1994__03_2001_,0.0
approval_date_03_1998,0.0
approval_date_03_1999,0.0
approval_date_03_2001,0.0
approval_date_03_2001__02_2008_,0.0
approval_date_03_2001__10_2004_,0.0
approval_date_03_2002,0.0
approval_date_03_2004,0.0
approval_date_03_2004__12_2004_,0.0
approval_date_03_2008,0.0
approval_date_03_2008__05_2009_,0.0
approval_date_03_2008__07_2010_,0.0
approval_date_03_2009,0.0
approval_date_03_2009__04_2015_,0.0
approval_date_03_2009__09_2013_,0.0
approval_date_03_2010__03_2010_,0.0
approval_date_03_2010__03_2018_,0.0
approval_date_03_2010__04_2010_,0.0
approval_date_03_2010__07_2012_,0.0
approval_date_03_2010__10_2011_,0.0
approval_date_03_2011,0.0
approval_date_03_2011__07_2018_,0.0
approval_date_03_2012,0.0
approval_date_03_2012__12_2016_,0.0
approval_date_03_2013,0.0
approval_date_03_2013__03_2013_,0.0
approval_date_03_2013__08_2014_,0.0
approval_date_03_2013__12_2007_,0.0
approval_date_03_2013__12_2015_,0.0
approval_date_03_2014,0.0
approval_date_03_2014__03_2022_,0.0
approval_date_03_2015,0.0
approval_date_03_2015__08_2015_,0.0
approval_date_03_2015__09_2017_,0.0
approval_date_03_2015__10_2015_,0.0
approval_date_03_2015__12_2016_,0.0
approval_date_03_2016__01_2014_,0.0
approval_date_03_2016__01_2018_,0.0
approval_date_03_2016__02_2017_,0.0
approval_date_03_2016__03_1999_,0.0
approval_date_03_2016__03_2016_,0.0
approval_date_03_2016__03_2017_,0.0
approval_date_03_2016__05_2017_,0.0
approval_date_03_2016__09_2017_,0.0
approval_date_03_2016__09_2023_,0.0
approval_date_03_2016__11_2017_,0.0
approval_date_03_2016__11_2019_,0.0
approval_date_03_2016__12_2016_,0.0
approval_date_03_2017__02_2018_,0.0
approval_date_03_2017__03_2017_,0.0
approval_date_03_2017__04_2018_,0.0
approval_date_03_2017__06_2017_,0.0
approval_date_03_2017__06_2019_,0.0
approval_date_03_2017__07_2017_,0.0
approval_date_03_2017__08_2019_,0.0
approval_date_03_2017__09_2017_,0.0
approval_date_03_2017__10_2018_,0.0
approval_date_03_2018__01_2019_,0.0
approval_date_03_2018__01_2022_,0.0
approval_date_03_2018__01_2023_,0.0
approval_date_03_2018__04_2019_,0.0
approval_date_03_2018__07_2018_,0.0
approval_date_03_2018__07_2019_,0.0
approval_date_03_2018__08_2018_,0.0
approval_date_03_2018__08_2023_,0.0
approval_date_03_2018__09_2018_,0.0
approval_date_03_2018__10_2019_,0.0
approval_date_03_2018__10_2020_,0.0
approval_date_03_2018__11_2019_,0.0
approval_date_03_2018__11_2021_,0.0
approval_date_03_2018__12_2018_,0.0
approval_date_03_2018__12_2019_,0.0
approval_date_03_2018__12_2020_,0.0
approval_date_03_2018__12_2021_,0.0
approval_date_03_2019__02_2020_,0.0
approval_date_03_2019__03_2017_,0.0
approval_date_03_2019__03_2019_,0.0
approval_date_03_2019__03_2020_,0.0
approval_date_03_2019__04_2019_,0.0
approval_date_03_2019__04_2024_,0.0
approval_date_03_2019__05_2019_,0.0
approval_date_03_2019__06_2019_,0.0
approval_date_03_2019__10_2020_,0.0
approval_date_03_2019__11_2020_,0.0
approval_date_03_2019__12_2019_,0.0
approval_date_03_2019__12_2022_,0.0
approval_date_03_2019__12_2025_,0.0
approval_date_03_2020__01_2022_,0.0
approval_date_03_2020__01_2024_,0.0
approval_date_03_2020__03_2023_,0.0
approval_date_03_2020__04_2022_,0.0
approval_date_03_2020__05_2022_,0.0
approval_date_03_2020__06_2020_,0.0
approval_date_03_2020__07_2020_,0.0
approval_date_03_2020__11_2021_,0.0
approval_date_03_2020__11_2023_,0.0
approval_date_03_2020__12_2020_,0.0
approval_date_03_2021__01_2023_,0.0
approval_date_03_2021__01_2024_,0.0
approval_date_03_2021__02_2022_,0.0
approval_date_03_2021__02_2023_,0.0
approval_date_03_2021__03_2021_,0.0
approval_date_03_2021__03_2022_,0.0
approval_date_03_2021__04_2022_,0.0
approval_date_03_2021__05_2021_,0.0
approval_date_03_2021__05_2023_,0.0
approval_date_03_2021__06_2021_,0.0
approval_date_03_2021__06_2022_,0.0
approval_date_03_2021__06_2024_,0.0
approval_date_03_2021__07_2021_,0.0
approval_date_03_2021__07_2022_,0.0
approval_date_03_2021__07_2023_,0.0
approval_date_03_2021__08_2021_,0.0
approval_date_03_2021__08_2022_,0.0
approval_date_03_2021__09_2021_,0.0
approval_date_03_2021__09_2022_,0.0
approval_date_03_2021__09_2023_,0.0
approval_date_03_2021__10_2022_,0.0
approval_date_03_2021__10_2023_,0.0
approval_date_03_2021__11_2022_,0.0
approval_date_03_2021__12_2022_,0.0
approval_date_03_2022__01_2023_,0.0
approval_date_03_2022__01_2024_,0.0
approval_date_03_2022__02_2024_,0.0
approval_date_03_2022__03_2023_,0.0
approval_date_03_2022__03_2024_,0.0
approval_date_03_2022__04_2020_,0.0
approval_date_03_2022__04_2022_,0.0
approval_date_03_2022__04_2023_,0.0
approval_date_03_2022__05_2023_,0.0
approval_date_03_2022__06_2023_,0.0
approval_date_03_2022__06_2024_,0.0
approval_date_03_2022__07_2023_,0.0
approval_date_03_2022__08_2022_,0.0
approval_date_03_2022__08_2023_,0.0
approval_date_03_2022__09_2023_,0.0
approval_date_03_2022__09_2024_,0.0
approval_date_03_2022__10_2022_,0.0
approval_date_03_2022__10_2023_,0.0
approval_date_03_2022__11_2023_,0.0
approval_date_03_2022__11_2024_,0.0
approval_date_03_2022__12_2022_,0.0
approval_date_03_2023__01_2024_,0.0
approval_date_03_2023__01_2025_,0.0
approval_date_03_2023__02_2024_,0.0
approval_date_03_2023__02_2025_,0.0
approval_date_03_2023__03_2024_,0.0
approval_date_03_2023__06_2023_,0.0
approval_date_03_2023__06_2024_,0.0
approval_date_03_2023__07_2023_,0.0
approval_date_03_2023__07_2024_,0.0
approval_date_03_2023__08_2023_,0.0
approval_date_03_2023__08_2024_,0.0
approval_date_03_2023__09_2023_,0.0
approval_date_03_2023__09_2024_,0.0
approval_date_03_2023__11_2023_,0.0
approval_date_03_2023__12_2023_,0.0
approval_date_03_2023__12_2024_,0.0
approval_date_03_2024__04_2024_,0.0
approval_date_03_2024__11_2024_,0.0
approval_date_03_2024__12_2024_,0.0
approval_date_03_2027,0.0
approval_date_04_1996__12_1996_,0.0
approval_date_04_1997,0.0
approval_date_04_1997__01_1998_,0.0
approval_date_04_1997__04_1997_,0.0
approval_date_04_2003,0.0
approval_date_04_2003__01_2004_,0.0
approval_date_04_2004,0.0
approval_date_04_2006,0.0
approval_date_04_2006__04_2006_,0.0
approval_date_04_2007__01_2008_,0.0
approval_date_04_2007__04_2007_,0.0
approval_date_04_2007__12_2007_,0.0
approval_date_04_2008__01_2009_,0.0
approval_date_04_2008__03_2010_,0.0
approval_date_04_2009__01_2010_,0.0
approval_date_04_2009__04_2009_,0.0
approval_date_04_2009__12_2009_,0.0
approval_date_04_2010,0.0
approval_date_04_2011,0.0
approval_date_04_2011__01_2012_,0.0
approval_date_04_2012,0.0
approval_date_04_2012__10_2018_,0.0
approval_date_04_2013,0.0
approval_date_04_2013__08_2017_,0.0
approval_date_04_2014__01_2016_,0.0
approval_date_04_2015,0.0
approval_date_04_2017__02_2019_,0.0
approval_date_04_2017__05_2018_,0.0
approval_date_04_2017__09_2021_,0.0
approval_date_04_2018__03_2019_,0.0
approval_date_04_2018__07_2020_,0.0
approval_date_04_2019__02_2019_,0.0
approval_date_04_2019__02_2020_,0.0
approval_date_04_2019__04_2019_,0.0
approval_date_04_2019__09_2020_,0.0
approval_date_04_2019__10_2019_,0.0
approval_date_04_2019__10_2020_,0.0
approval_date_04_2019__12_1998_,0.0
approval_date_04_2020__03_2021_,0.0
approval_date_04_2020__07_2020_,0.0
approval_date_04_2020__07_2022_,0.0
approval_date_04_2020__08_2022_,0.0
approval_date_04_2020__09_2022_,0.0
approval_date_04_2020__11_2022_,0.0
approval_date_04_2020__11_2023_,0.0
approval_date_04_2021__04_2021_,0.0
approval_date_04_2022__05_2024_,0.0
approval_date_04_2022__08_2022_,0.0
approval_date_04_2022__11_2022_,0.0
approval_date_04_2022__12_2023_,0.0
approval_date_04_2023__03_2024_,0.0
approval_date_04_2023__04_2024_,0.0
approval_date_04_2023__05_2024_,0.0
approval_date_04_2023__07_2023_,0.0
approval_date_04_2023__10_2025_,0.0
approval_date_04_2023__11_2024_,0.0
approval_date_04_2023__12_2023_,0.0
approval_date_04_2024,0.0
approval_date_04_2024__04_2024_,0.0
approval_date_05_1985,0.0
approval_date_05_2002,0.0
approval_date_05_2002__01_2017_,0.0
approval_date_05_2008,0.0
approval_date_05_2008__04_2008_,0.0
approval_date_05_2009,0.0
approval_date_05_2010,0.0
approval_date_05_2014,0.0
approval_date_05_2014__05_2014_,0.0
approval_date_05_2015,0.0
approval_date_05_2016,0.0
approval_date_05_2016__07_2014_,0.0
approval_date_05_2016__11_2017_,0.0
approval_date_05_2017,0.0
approval_date_05_2017__03_2012_,0.0
approval_date_05_2017__04_2018_,0.0
approval_date_05_2018__03_2017_,0.0
approval_date_05_2018__03_2023_,0.0
approval_date_05_2018__06_2021_,0.0
approval_date_05_2018__06_2023_,0.0
approval_date_05_2018__12_2021_,0.0
approval_date_05_2019,0.0
approval_date_05_2019__06_2021_,0.0
approval_date_05_2019__09_2022_,0.0
approval_date_05_2019__11_2019_,0.0
approval_date_05_2019__12_2020_,0.0
start_date_12_2008,0.0
approval_date_05_2020__01_2022_,0.0
approval_date_05_2020__04_2023_,0.0
approval_date_05_2020__05_2020_,0.0
approval_date_05_2020__07_2021_,0.0
approval_date_05_2020__08_2023_,0.0
approval_date_05_2020__11_2024_,0.0
approval_date_05_2020__12_2021_,0.0
approval_date_05_2020__12_2022_,0.0
start_date_12_2009,0.0
approval_date_05_2021__05_2021_,0.0
approval_date_05_2021__11_2022_,0.0
start_date_12_2010,0.0
approval_date_05_2022__01_2023_,0.0
approval_date_05_2022__02_2023_,0.0
approval_date_05_2022__04_2023_,0.0
approval_date_05_2022__05_2022_,0.0
approval_date_05_2022__09_2022_,0.0
approval_date_05_2022__10_2022_,0.0
approval_date_05_2022__10_2023_,0.0
approval_date_05_2022__11_2022_,0.0
start_date_12_2014,0.0
start_date_12_2016,0.0
approval_date_05_2023__06_2023_,0.0
approval_date_05_2023__12_2023_,0.0
approval_date_05_2024,0.0
approval_date_05_2024__05_2024_,0.0
approval_date_05_2025,0.0
approval_date_05_2025__01_2026_,0.0
approval_date_05_2025__06_2025_,0.0
approval_date_05_2026,0.0
approval_date_06_2009,0.0
approval_date_06_2009__06_2009_,0.0
approval_date_06_2010,0.0
approval_date_06_2010__01_2011_,0.0
approval_date_06_2011,0.0
approval_date_06_2012,0.0
approval_date_06_2012__06_2012_,0.0
approval_date_06_2015,0.0
start_date_12_2017,0.0
approval_date_06_2016__01_2017_,0.0
approval_date_06_2016__06_2016_,0.0
approval_date_06_2016__11_2016_,0.0
approval_date_06_2017,0.0
approval_date_06_2017__06_2017_,0.0
approval_date_06_2017__11_2017_,0.0
approval_date_06_2018,0.0
approval_date_06_2018__03_2009_,0.0
approval_date_06_2018__04_2019_,0.0
approval_date_06_2018__12_2018_,0.0
start_date_12_2019,0.0
approval_date_06_2019__02_2021_,0.0
approval_date_06_2019__03_2021_,0.0
approval_date_06_2019__06_2019_,0.0
start_date_12_2025,0.0
approval_date_06_2020__02_2022_,0.0
approval_date_06_2020__04_2023_,0.0
approval_date_06_2020__04_2024_,0.0
approval_date_06_2020__05_2022_,0.0
approval_date_06_2020__06_2020_,0.0
approval_date_06_2020__06_2024_,0.0
approval_date_06_2020__08_2020_,0.0
approval_date_06_2020__09_2020_,0.0
approval_date_06_2020__10_2020_,0.0
approval_date_06_2020__10_2021_,0.0
approval_date_06_2020__12_2021_,0.0
state_Ladakh,0.0
approval_date_06_2021__01_2019_,0.0
approval_date_06_2021__03_2022_,0.0
approval_date_06_2021__04_2022_,0.0
approval_date_06_2021__06_2021_,0.0
approval_date_06_2021__07_2021_,0.0
approval_date_06_2021__09_2022_,0.0
approval_date_06_2021__09_2023_,0.0
approval_date_06_2021__11_2022_,0.0
state_Multi_States__Andhra_Pradesh__Chhattisgarh__Jharkhand__Maharashtra__Odisha_,0.0
approval_date_06_2022__01_2023_,0.0
approval_date_06_2022__02_2021_,0.0
approval_date_06_2022__04_2022_,0.0
approval_date_06_2022__04_2023_,0.0
approval_date_06_2022__05_2023_,0.0
state_Multi_States__Andhra_Pradesh__Chhattisgarh__Odisha_,0.0
approval_date_06_2022__06_2023_,0.0
approval_date_06_2022__07_2022_,0.0
approval_date_06_2022__07_2023_,0.0
approval_date_06_2022__12_2022_,0.0
state_Multi_States__Andhra_Pradesh__Maharashtra__Telangana_,0.0
approval_date_06_2023__01_2024_,0.0
approval_date_06_2023__02_2024_,0.0
approval_date_06_2023__11_2023_,0.0
state_Multi_States__Arunachal_Pradesh__Gujarat__Rajasthan_,0.0
approval_date_06_2024__02_2025_,0.0
state_Multi_States__Assam__Bihar__West_Bengal_,0.0
approval_date_06_2024__07_2024_,0.0
approval_date_06_2025,0.0
approval_date_06_2025__06_2025_,0.0
approval_date_06_2025__07_2025_,0.0
approval_date_07_2006,0.0
approval_date_07_2006__06_2011_,0.0
approval_date_07_2007,0.0
approval_date_07_2008,0.0
approval_date_07_2008__01_2019_,0.0
approval_date_07_2008__10_2008_,0.0
approval_date_07_2009,0.0
approval_date_07_2009__12_2009_,0.0
approval_date_07_2010,0.0
approval_date_07_2011,0.0
approval_date_07_2011__05_2021_,0.0
approval_date_07_2011__07_2011_,0.0
approval_date_07_2012,0.0
approval_date_07_2013,0.0
approval_date_07_2013__06_2016_,0.0
approval_date_07_2013__12_2015_,0.0
approval_date_07_2015,0.0
approval_date_07_2015__05_2018_,0.0
approval_date_07_2015__07_2015_,0.0
approval_date_07_2015__11_2005_,0.0
approval_date_07_2016,0.0
approval_date_07_2016__01_2017_,0.0
approval_date_07_2016__02_2023_,0.0
approval_date_07_2016__05_2018_,0.0
approval_date_07_2016__07_2016_,0.0
approval_date_07_2016__08_2016_,0.0
approval_date_07_2016__09_2019_,0.0
approval_date_07_2016__10_2016_,0.0
approval_date_07_2017,0.0
approval_date_07_2017__03_2020_,0.0
approval_date_07_2017__04_2023_,0.0
approval_date_07_2017__09_2017_,0.0
approval_date_07_2017__10_2011_,0.0
approval_date_07_2018,0.0
approval_date_07_2018__02_2021_,0.0
approval_date_07_2018__09_2018_,0.0
state_Multi_States__Assam__West_Bengal_,0.0
approval_date_07_2019__03_2025_,0.0
approval_date_07_2019__05_2019_,0.0
state_Multi_States__Bihar__Delhi__Jharkhand__Uttar_Pradesh__West_Bengal_,0.0
state_Multi_States__Bihar__Gujarat__Himachal_Pradesh__Jammu_and_Kashmir__Ladakh__Rajasthan__Uttar_Pradesh_,0.0
approval_date_07_2020__01_2022_,0.0
approval_date_07_2020__02_2024_,0.0
approval_date_07_2020__03_2021_,0.0
approval_date_07_2020__04_2021_,0.0
approval_date_07_2020__04_2024_,0.0
approval_date_07_2020__05_2023_,0.0
approval_date_07_2020__05_2024_,0.0
approval_date_07_2020__06_2023_,0.0
approval_date_07_2020__07_2020_,0.0
approval_date_07_2020__07_2021_,0.0
state_Multi_States__Bihar__Madhya_Pradesh__Rajasthan__Uttar_Pradesh_,0.0
approval_date_07_2020__10_2021_,0.0
approval_date_07_2020__10_2023_,0.0
approval_date_07_2020__11_2021_,0.0
approval_date_07_2020__11_2023_,0.0
state_Multi_States__Bihar__Odisha__West_Bengal_,0.0
approval_date_07_2021__02_2022_,0.0
approval_date_07_2021__02_2023_,0.0
state_Multi_States__Chhattisgarh__Maharashtra_,0.0
approval_date_07_2021__08_2021_,0.0
approval_date_07_2021__08_2022_,0.0
approval_date_07_2021__09_2021_,0.0
approval_date_07_2021__11_2021_,0.0
state_Multi_States__Chhattisgarh__Odisha_,0.0
approval_date_07_2022__01_2023_,0.0
approval_date_07_2022__01_2024_,0.0
approval_date_07_2022__03_2023_,0.0
approval_date_07_2022__03_2024_,0.0
approval_date_07_2022__04_2024_,0.0
approval_date_07_2022__07_2022_,0.0
approval_date_07_2022__07_2023_,0.0
approval_date_07_2022__08_2022_,0.0
approval_date_07_2022__09_2023_,0.0
state_Multi_States__Delhi__Haryana_,0.0
approval_date_07_2023__07_2022_,0.0
state_Multi_States__Goa__Karnataka__Maharashtra__Telangana_,0.0
state_Multi_States__Gujarat__Haryana__Maharashtra__Rajasthan__Uttar_Pradesh_,0.0
state_Multi_States__Gujarat__Madhya_Pradesh__Uttar_Pradesh_,0.0
approval_date_07_2024__08_2024_,0.0
approval_date_07_2024__12_2024_,0.0
approval_date_07_2025,0.0
approval_date_07_2025__07_2025_,0.0
approval_date_08_1997,0.0
approval_date_08_2002,0.0
approval_date_08_2002__03_2002_,0.0
approval_date_08_2008,0.0
approval_date_08_2008__01_2014_,0.0
approval_date_08_2009,0.0
approval_date_08_2009__08_2009_,0.0
approval_date_08_2010,0.0
approval_date_08_2010__04_2014_,0.0
approval_date_08_2011,0.0
approval_date_08_2011__08_2011_,0.0
approval_date_08_2014,0.0
state_Multi_States__Haryana__Punjab__Rajasthan_,0.0
approval_date_08_2015__02_2016_,0.0
approval_date_08_2015__03_2011_,0.0
approval_date_08_2015__08_2015_,0.0
approval_date_08_2016,0.0
approval_date_08_2016__01_2017_,0.0
approval_date_08_2016__04_2018_,0.0
approval_date_08_2016__08_2016_,0.0
approval_date_08_2016__11_2016_,0.0
approval_date_08_2017,0.0
approval_date_08_2017__01_2021_,0.0
approval_date_08_2017__03_2016_,0.0
approval_date_08_2017__07_2019_,0.0
approval_date_08_2017__09_2017_,0.0
approval_date_08_2017__12_2017_,0.0
approval_date_08_2017__12_2022_,0.0
approval_date_08_2018,0.0
approval_date_08_2018__02_2019_,0.0
approval_date_08_2018__08_2018_,0.0
approval_date_08_2018__12_2018_,0.0
approval_date_08_2018__12_2023_,0.0
approval_date_08_2019,0.0
approval_date_08_2019__01_2022_,0.0
approval_date_08_2019__03_2017_,0.0
approval_date_08_2019__08_2019_,0.0
approval_date_08_2019__10_2020_,0.0
state_Multi_States__Haryana__Uttar_Pradesh_,0.0
approval_date_08_2020__01_2021_,0.0
approval_date_08_2020__01_2022_,0.0
approval_date_08_2020__02_2022_,0.0
approval_date_08_2020__03_2021_,0.0
approval_date_08_2020__06_2021_,0.0
approval_date_08_2020__06_2022_,0.0
approval_date_08_2020__07_2022_,0.0
state_Multi_States__Jammu_and_Kashmir__Punjab_,0.0
approval_date_08_2020__09_2021_,0.0
approval_date_08_2020__10_2022_,0.0
approval_date_08_2020__11_2021_,0.0
approval_date_08_2020__12_2021_,0.0
approval_date_08_2021,0.0
approval_date_08_2021__03_2019_,0.0
approval_date_08_2021__06_2022_,0.0
approval_date_08_2021__06_2023_,0.0
approval_date_08_2021__07_2022_,0.0
approval_date_08_2021__08_2021_,0.0
approval_date_08_2021__12_2023_,0.0
state_Multi_States__Jharkhand__Odisha__West_Bengal_,0.0
approval_date_08_2022__02_2023_,0.0
approval_date_08_2022__06_2022_,0.0
approval_date_08_2022__07_2022_,0.0
state_Multi_States__Jharkhand__Uttar_Pradesh_,0.0
approval_date_08_2022__09_2022_,0.0
approval_date_08_2022__09_2023_,0.0
approval_date_08_2022__10_2023_,0.0
approval_date_08_2022__12_2022_,0.0
state_Multi_States__Karnataka__Maharashtra__Telangana__Uttar_Pradesh_,0.0
approval_date_08_2023__01_2025_,0.0
approval_date_08_2023__02_2024_,0.0
approval_date_08_2023__03_2023_,0.0
approval_date_08_2023__03_2024_,0.0
approval_date_08_2023__04_2025_,0.0
approval_date_08_2023__06_2024_,0.0
approval_date_08_2023__07_2022_,0.0
state_Multi_States__Karnataka__Telangana_,0.0
approval_date_08_2023__12_2023_,0.0
state_Multi_States__Kerala__Puducherry_,0.0
approval_date_08_2024__03_2025_,0.0
approval_date_08_2024__04_2025_,0.0
state_Multi_States__Punjab__Rajasthan_,0.0
approval_date_08_2024__08_2025_,0.0
approval_date_08_2024__09_2024_,0.0
approval_date_08_2024__09_2025_,0.0
approval_date_08_2024__12_2024_,0.0
approval_date_08_2025,0.0
approval_date_08_2025__08_2025_,0.0
approval_date_08_2025__10_2025_,0.0
approval_date_09_2003,0.0
approval_date_09_2003__01_2005_,0.0
state_Multi_States__Uttar_Pradesh__West_Bengal_,0.0
approval_date_09_2009__03_2013_,0.0
approval_date_09_2009__06_2014_,0.0
approval_date_09_2009__07_2013_,0.0
approval_date_09_2009__09_2014_,0.0
approval_date_09_2009__11_2022_,0.0
approval_date_09_2009__12_2014_,0.0
approval_date_09_2011,0.0
approval_date_09_2011__04_2015_,0.0
approval_date_09_2012,0.0
approval_date_09_2012__04_2008_,0.0
approval_date_09_2013,0.0
approval_date_09_2014,0.0
approval_date_09_2014__09_2014_,0.0
approval_date_09_2015,0.0
approval_date_09_2015__05_2016_,0.0
approval_date_09_2015__09_2015_,0.0
approval_date_09_2016,0.0
approval_date_09_2016__01_2018_,0.0
approval_date_09_2016__03_2018_,0.0
sector_COAL,0.0
approval_date_09_2016__10_2016_,0.0
approval_date_09_2016__12_2016_,0.0
approval_date_09_2017,0.0
approval_date_09_2017__07_2017_,0.0
approval_date_09_2017__12_2017_,0.0
approval_date_09_2018,0.0
approval_date_09_2018__01_2022_,0.0
approval_date_09_2018__06_2021_,0.0
approval_date_09_2018__08_2020_,0.0
approval_date_09_2018__09_2018_,0.0
approval_date_09_2018__09_2019_,0.0
approval_date_09_2018__10_2018_,0.0
sector_HEALTH_AND_FAMILY_WELFARE,0.0
approval_date_09_2019__02_2023_,0.0
approval_date_09_2019__03_2020_,0.0
approval_date_09_2019__03_2023_,0.0
approval_date_09_2019__09_2019_,0.0
approval_date_09_2019__09_2020_,0.0
approval_date_09_2019__10_2019_,0.0
approval_date_09_2019__10_2020_,0.0
approval_date_09_2019__11_2020_,0.0
approval_date_09_2019__12_2019_,0.0
approval_date_09_2019__12_2023_,0.0
sector_HOME_AFFAIRS,0.0
approval_date_09_2020__03_2021_,0.0
approval_date_09_2020__03_2022_,0.0
approval_date_09_2020__03_2025_,0.0
approval_date_09_2020__04_2021_,0.0
approval_date_09_2020__05_2021_,0.0
approval_date_09_2020__09_2018_,0.0
approval_date_09_2020__09_2020_,0.0
approval_date_09_2020__10_2020_,0.0
approval_date_09_2020__10_2021_,0.0
approval_date_09_2020__11_2021_,0.0
approval_date_09_2020__12_2022_,0.0
sector_Logistics_Infrastructure,0.0
approval_date_09_2021__01_2023_,0.0
approval_date_09_2021__03_2022_,0.0
approval_date_09_2021__05_2022_,0.0
approval_date_09_2021__06_2022_,0.0
approval_date_09_2021__07_2022_,0.0
approval_date_09_2021__07_2023_,0.0
approval_date_09_2021__08_2022_,0.0
sector_MINES,0.0
approval_date_09_2021__09_2022_,0.0
approval_date_09_2021__09_2023_,0.0
approval_date_09_2021__10_2022_,0.0
approval_date_09_2021__11_2021_,0.0
sector_POWER,0.0
approval_date_09_2022__01_2023_,0.0
sector_SHIPPING_AND_PORTS,0.0
approval_date_09_2022__05_2025_,0.0
approval_date_09_2022__06_2022_,0.0
approval_date_09_2022__06_2023_,0.0
approval_date_09_2022__08_2023_,0.0
approval_date_09_2022__09_2022_,0.0
approval_date_09_2022__09_2023_,0.0
approval_date_09_2022__11_2022_,0.0
approval_date_09_2022__11_2023_,0.0
approval_date_09_2022__12_2023_,0.0
approval_date_09_2023,0.0
approval_date_09_2023__09_2023_,0.0
sector_STEEL,0.0
approval_date_09_2024__03_2025_,0.0
approval_date_09_2024__07_2025_,0.0
approval_date_09_2024__08_2024_,0.0
sector_URBAN_DEVELOPMENT,0.0
ministry_final_Department_for_Promotion_of_Industry___Internal_Trade,0.0
ministry_final_Department_of_Sports,0.0
approval_date_1_2016,0.0
approval_date_1_2017,0.0
agency_final_Adani_Airport_Holdings_Limited,0.0
approval_date_1_2019,0.0
approval_date_1_2020,0.0
approval_date_1_2022,0.0
approval_date_1_2023,0.0
approval_date_10_2013,0.0
approval_date_10_2016,0.0
approval_date_10_2017,0.0
approval_date_10_2018,0.0
approval_date_10_2020,0.0
approval_date_10_2021,0.0
approval_date_10_2022,0.0
approval_date_10_2002,0.0
approval_date_10_2004,0.0
approval_date_10_2007,0.0
approval_date_10_2007__10_2004_,0.0
approval_date_10_2008,0.0
approval_date_10_2009,0.0
approval_date_10_2009__05_2010_,0.0
approval_date_10_2011,0.0
approval_date_10_2013_1,0.0
approval_date_10_2013__01_2017_,0.0
approval_date_10_2013__08_2022_,0.0
approval_date_10_2013__11_2012_,0.0
approval_date_10_2014,0.0
approval_date_10_2014__02_2018_,0.0
approval_date_10_2014__04_2018_,0.0
approval_date_10_2014__10_2014_,0.0
approval_date_10_2015,0.0
approval_date_10_2015__04_2015_,0.0
approval_date_10_2015__04_2016_,0.0
approval_date_10_2015__05_2023_,0.0
approval_date_10_2016_1,0.0
approval_date_10_2016__02_2017_,0.0
approval_date_10_2016__03_2017_,0.0
approval_date_10_2016__06_2017_,0.0
approval_date_10_2016__06_2022_,0.0
approval_date_10_2016__11_2020_,0.0
agency_final_BCCL___CIL,0.0
approval_date_10_2017__03_2017_,0.0
approval_date_10_2017__03_2022_,0.0
approval_date_10_2017__10_2017_,0.0
approval_date_10_2017__12_2018_,0.0
approval_date_10_2018_1,0.0
approval_date_10_2018__03_2017_,0.0
approval_date_10_2018__09_2019_,0.0
approval_date_10_2018__10_2018_,0.0
approval_date_10_2018__12_2017_,0.0
agency_final_Banaras_Hindu_University,0.0
approval_date_10_2019__04_2020_,0.0
approval_date_10_2019__07_2020_,0.0
approval_date_10_2019__07_2021_,0.0
approval_date_10_2019__08_2021_,0.0
approval_date_10_2020_1,0.0
approval_date_10_2020__05_2021_,0.0
approval_date_10_2020__05_2022_,0.0
approval_date_10_2020__06_2020_,0.0
approval_date_10_2020__10_2020_,0.0
approval_date_10_2020__10_2021_,0.0
approval_date_10_2020__12_2020_,0.0
agency_final_Bengaluru_Metro_Rail,0.0
approval_date_10_2021__02_2023_,0.0
approval_date_10_2021__03_2022_,0.0
approval_date_10_2021__05_2022_,0.0
approval_date_10_2021__06_2022_,0.0
approval_date_10_2021__06_2023_,0.0
approval_date_10_2021__09_2022_,0.0
approval_date_10_2021__10_2021_,0.0
approval_date_10_2021__10_2022_,0.0
approval_date_10_2021__12_2021_,0.0
agency_final_Bharat_Coking_Coal_Limited__BCCL_,0.0
approval_date_10_2022__01_2024_,0.0
approval_date_10_2022__03_2024_,0.0
approval_date_10_2022__05_2023_,0.0
approval_date_10_2022__05_2024_,0.0
approval_date_10_2022__06_2023_,0.0
approval_date_10_2022__07_2023_,0.0
approval_date_10_2022__07_2025_,0.0
approval_date_10_2022__08_2023_,0.0
approval_date_10_2022__08_2025_,0.0
approval_date_10_2022__09_2023_,0.0
approval_date_10_2022__10_2022_,0.0
approval_date_10_2022__10_2023_,0.0
approval_date_10_2022__11_2023_,0.0
agency_final_Bharat_Coking_Coal_Limited__BCCL__1,0.0
agency_final_CAO_C_NR,0.0
agency_final_CAO_C_SECR,0.0
approval_date_10_2023__12_2023_,0.0
agency_final_CCL,0.0
agency_final_CCL___CIL,0.0
approval_date_10_2024__10_2025_,0.0
approval_date_10_2024__11_2020_,0.0
approval_date_10_2025,0.0
approval_date_10_2025__10_2025_,0.0
approval_date_11_2015,0.0
approval_date_11_2016,0.0
agency_final_CERL,0.0
approval_date_11_2020,0.0
approval_date_11_2021,0.0
approval_date_11_2022,0.0
approval_date_11_2004,0.0
approval_date_11_2004__03_2002_,0.0
approval_date_11_2005,0.0
approval_date_11_2006,0.0
approval_date_11_2006__11_2006_,0.0
approval_date_11_2007,0.0
approval_date_11_2007__11_2008_,0.0
approval_date_11_2008,0.0
approval_date_11_2008__01_2014_,0.0
approval_date_11_2010,0.0
approval_date_11_2010__03_2010_,0.0
approval_date_11_2012,0.0
approval_date_11_2012__11_2012_,0.0
approval_date_11_2014,0.0
approval_date_11_2014__02_2015_,0.0
approval_date_11_2014__03_2019_,0.0
approval_date_11_2014__06_2024_,0.0
approval_date_11_2015_1,0.0
approval_date_11_2015__08_2017_,0.0
approval_date_11_2015__09_2020_,0.0
approval_date_11_2015__12_2015_,0.0
approval_date_11_2015__12_2016_,0.0
agency_final_CORE,0.0
approval_date_11_2016__01_2018_,0.0
approval_date_11_2016__02_2019_,0.0
approval_date_11_2016__05_2017_,0.0
agency_final_CPM_ICF,0.0
agency_final_CPWD,0.0
approval_date_11_2016__12_2016_,0.0
agency_final_CPWD_FOR_HEALTH,0.0
approval_date_11_2017__02_2019_,0.0
approval_date_11_2017__03_2017_,0.0
approval_date_11_2017__05_2019_,0.0
approval_date_11_2017__07_2019_,0.0
approval_date_11_2017__11_2017_,0.0
approval_date_11_2017__11_2019_,0.0
approval_date_11_2017__12_2019_,0.0
agency_final_CPWD_FOR_MHA,0.0
approval_date_11_2018__01_2019_,0.0
agency_final_CR,0.0
approval_date_11_2019,0.0
approval_date_11_2019__05_2021_,0.0
approval_date_11_2019__08_2019_,0.0
approval_date_11_2019__11_2019_,0.0
agency_final_CSPCC_Projects,0.0
approval_date_11_2020__04_2021_,0.0
approval_date_11_2020__09_2022_,0.0
approval_date_11_2020__10_2022_,0.0
agency_final_Central_Public_Works_Department__CPWD_,0.0
agency_final_Central_Public_Works_Department___CPWD,0.0
approval_date_11_2021__01_2023_,0.0
approval_date_11_2021__02_2023_,0.0
approval_date_11_2021__05_2022_,0.0
approval_date_11_2021__06_2023_,0.0
approval_date_11_2021__07_2022_,0.0
approval_date_11_2021__08_2022_,0.0
approval_date_11_2021__09_2022_,0.0
approval_date_11_2021__10_2022_,0.0
approval_date_11_2021__11_2021_,0.0
approval_date_11_2021__11_2022_,0.0
approval_date_11_2021__12_2022_,0.0
agency_final_Central_Public_Works_Department__CPWD__1,0.0
approval_date_11_2022__03_2023_,0.0
approval_date_11_2022__06_2023_,0.0
approval_date_11_2022__08_2023_,0.0
approval_date_11_2022__10_2023_,0.0
agency_final_Central_Railways,0.0
approval_date_11_2022__12_2023_,0.0
agency_final_Central_Tribal_University_of_Andhra_Pradesh,0.0
approval_date_11_2023__01_2024_,0.0
approval_date_11_2023__11_2023_,0.0
approval_date_11_2023__12_2023_,0.0
agency_final_Central_University_of_Gujarat,0.0
approval_date_11_2024__05_2025_,0.0
agency_final_Central_University_of_Punjab,0.0
approval_date_11_2024__12_2024_,0.0
approval_date_11_2025,0.0
approval_date_12_2015,0.0
approval_date_12_2017,0.0
approval_date_12_2018,0.0
approval_date_12_2020,0.0
approval_date_12_2021,0.0
approval_date_12_2022,0.0
approval_date_12_2024,0.0
approval_date_12_1996,0.0
approval_date_12_1998,0.0
approval_date_12_2004,0.0
approval_date_12_2007,0.0
approval_date_12_2008,0.0
approval_date_12_2008__06_2009_,0.0
approval_date_12_2009,0.0
approval_date_12_2009__12_2009_,0.0
approval_date_12_2010,0.0
approval_date_12_2010__02_2025_,0.0
approval_date_12_2010__12_2010_,0.0
approval_date_12_2013,0.0
approval_date_12_2014,0.0
approval_date_12_2014__03_2016_,0.0
approval_date_12_2014__12_2014_,0.0
agency_final_Chennai_Metro_Rail_Limited__CMRL_,0.0
approval_date_12_2015__01_2016_,0.0
approval_date_12_2015__03_2016_,0.0
approval_date_12_2015__03_2018_,0.0
approval_date_12_2015__03_2019_,0.0
approval_date_12_2015__10_2016_,0.0
approval_date_12_2015__12_2015_,0.0
approval_date_12_2016,0.0
approval_date_12_2016__03_2018_,0.0
approval_date_12_2016__11_2017_,0.0
approval_date_12_2017_1,0.0
approval_date_12_2017__02_2019_,0.0
approval_date_12_2017__04_2008_,0.0
approval_date_12_2017__07_2018_,0.0
approval_date_12_2017__10_2021_,0.0
agency_final_Deendayal_Port_Trust,0.0
approval_date_12_2018__03_2020_,0.0
approval_date_12_2018__07_2022_,0.0
approval_date_12_2018__10_2018_,0.0
approval_date_12_2018__12_2018_,0.0
approval_date_12_2019,0.0
approval_date_12_2019__01_2020_,0.0
approval_date_12_2019__04_2020_,0.0
approval_date_12_2019__09_2020_,0.0
approval_date_12_2019__10_2020_,0.0
agency_final_Delhi_University,0.0
approval_date_12_2020__02_2021_,0.0
approval_date_12_2020__02_2023_,0.0
approval_date_12_2020__02_2024_,0.0
approval_date_12_2020__03_2022_,0.0
approval_date_12_2020__03_2023_,0.0
approval_date_12_2020__06_2022_,0.0
approval_date_12_2020__07_2022_,0.0
approval_date_12_2020__08_2022_,0.0
approval_date_12_2020__09_2022_,0.0
approval_date_12_2020__10_2021_,0.0
approval_date_12_2020__10_2022_,0.0
approval_date_12_2020__11_2021_,0.0
agency_final_Department_of_Sports___Youth_Affairs,0.0
approval_date_12_2020__12_2021_,0.0
agency_final_Department_of_Water_Resources_MH,0.0
approval_date_12_2021__01_2023_,0.0
approval_date_12_2021__02_2023_,0.0
approval_date_12_2021__02_2024_,0.0
approval_date_12_2021__03_2023_,0.0
approval_date_12_2021__04_2023_,0.0
approval_date_12_2021__05_2022_,0.0
approval_date_12_2021__05_2023_,0.0
approval_date_12_2021__08_2022_,0.0
approval_date_12_2021__08_2023_,0.0
approval_date_12_2021__09_2022_,0.0
approval_date_12_2021__10_2022_,0.0
approval_date_12_2021__11_2022_,0.0
agency_final_ECOR,0.0
approval_date_12_2021__12_2022_,0.0
agency_final_GAIL,0.0
approval_date_12_2022__01_2023_,0.0
approval_date_12_2022__03_2023_,0.0
approval_date_12_2022__03_2024_,0.0
approval_date_12_2022__05_2024_,0.0
approval_date_12_2022__08_2023_,0.0
approval_date_12_2022__08_2024_,0.0
approval_date_12_2022__11_2023_,0.0
approval_date_12_2022__11_2024_,0.0
agency_final_GAIL_Gas,0.0
agency_final_GM_C__NFR,0.0
approval_date_12_2023__03_2024_,0.0
approval_date_12_2023__04_2024_,0.0
approval_date_12_2023__06_2024_,0.0
approval_date_12_2023__08_1997_,0.0
agency_final_Gas_Authority_of_India_Limited__GAIL_,0.0
agency_final_Gujarat,0.0
approval_date_12_2024__05_2025_,0.0
agency_final_Gurugram_Metro_Rail_Limited__GMRL_,0.0
approval_date_12_2025,0.0
approval_date_12_2025__12_2025_,0.0
approval_date_2_2016,0.0
agency_final_HITES,0.0
approval_date_2_2018,0.0
approval_date_2_2019,0.0
approval_date_2_2021,0.0
approval_date_2_2022,0.0
approval_date_2_2023,0.0
approval_date_3_1981,0.0
approval_date_3_1996,0.0
approval_date_3_2013,0.0
approval_date_3_2016,0.0
approval_date_3_2017,0.0
agency_final_HPCL,0.0
agency_final_Haldia_Dock_Complex__Syama_Prasad_Mookerjee_Port_Authority,0.0
agency_final_IISC_Bangalore,0.0
agency_final_Indian_Institute_of_Technology__Bhilai,0.0
approval_date_3_2023,0.0
approval_date_4_1991,0.0
approval_date_4_1997,0.0
approval_date_4_1999,0.0
approval_date_4_2006,0.0
approval_date_4_2009,0.0
approval_date_4_2010,0.0
approval_date_4_2011,0.0
approval_date_4_2012,0.0
approval_date_4_2017,0.0
approval_date_4_2019,0.0
approval_date_4_2020,0.0
approval_date_4_2021,0.0
approval_date_4_2022,0.0
approval_date_5_2015,0.0
approval_date_5_2017,0.0
approval_date_5_2018,0.0
approval_date_5_2019,0.0
approval_date_5_2020,0.0
approval_date_5_2021,0.0
agency_final_Indian_Institute_of_Technology__Bombay,0.0
approval_date_5_2023,0.0
approval_date_6_2017,0.0
approval_date_6_2019,0.0
approval_date_6_2020,0.0
approval_date_6_2021,0.0
approval_date_6_2022,0.0
approval_date_6_2023,0.0
approval_date_7_2016,0.0
approval_date_7_2018,0.0
approval_date_7_2019,0.0
approval_date_7_2020,0.0
approval_date_7_2021,0.0
approval_date_7_2022,0.0
approval_date_7_2023,0.0
approval_date_8_2016,0.0
approval_date_11_2017,0.0
approval_date_8_2019,0.0
agency_final_Indian_Institute_of_Technology__Hyderabad,0.0
approval_date_8_2021,0.0
approval_date_8_2022,0.0
approval_date_9_1998,0.0
approval_date_9_2012,0.0
approval_date_9_2013,0.0
approval_date_9_2017,0.0
approval_date_9_2019,0.0
approval_date_9_2020,0.0
approval_date_9_2021,0.0
approval_date_NA__01_2011_,0.0
approval_date_NA__01_2022_,0.0
approval_date_NA__02_2018_,0.0
approval_date_NA__03_2021_,0.0
approval_date_NA__03_2025_,0.0
approval_date_NA__04_2017_,0.0
approval_date_NA__04_2018_,0.0
approval_date_NA__06_2023_,0.0
approval_date_NA__08_2018_,0.0
approval_date_NA__09_2011_,0.0
approval_date_NA__09_2020_,0.0
approval_date_NA__09_2021_,0.0
approval_date_NA__10_2016_,0.0
approval_date_NA__10_2021_,0.0
approval_date_NA__10_2022_,0.0
approval_date_NA__10_2024_,0.0
approval_date_NA__11_2006_,0.0
approval_date_NA__11_2009_,0.0
approval_date_NA__12_2018_,0.0
agency_final_Indian_Institute_of_Technology__Indore,0.0
start_date_01_1999,0.0
start_date_01_2006,0.0
start_date_01_2007,0.0
start_date_01_2009,0.0
start_date_01_2014,0.0
agency_final_Indian_Institute_of_Technology__Mandi,0.0
agency_final_Indian_Institutes_of_Science_Education_and_Research__Behrampur,0.0
agency_final_Indian_Railway,0.0
agency_final_Indian_intitue_of_Management__Amritsar,0.0
agency_final_Inland_Waterways_Authority_of_India__IWAI_,0.0
agency_final_Irrigation_UK,0.0
agency_final_KMDA,0.0
agency_final_M_S_SRC_company_Infra_Private_Limited,0.0
agency_final_MRIDC,0.0
agency_final_MRTP,0.0
start_date_01_2026,0.0
start_date_02_2008,0.0
start_date_02_2010,0.0
start_date_02_2011,0.0
start_date_02_2012,0.0
start_date_02_2013,0.0
start_date_02_2014,0.0
start_date_02_2015,0.0
agency_final_Mangalore_Refinary_and_Petrochemicals_Limited,0.0
agency_final_Ministry_of_Education,0.0
agency_final_Ministry_of_Health___Family_Welfare,0.0
agency_final_Ministry_of_Mines,0.0
start_date_02_2020,0.0
agency_final_Mumbai_Metro_Rail_Corporation_Limited__MMRC_,0.0
agency_final_NALCO,0.0
agency_final_NCR,0.0
agency_final_NER,0.0
agency_final_NFR,0.0
start_date_02_2026,0.0
start_date_03_1983,0.0
start_date_03_1994,0.0
start_date_03_2001,0.0
start_date_03_2004,0.0
start_date_03_2008,0.0
start_date_03_2009,0.0
start_date_03_2010,0.0
start_date_03_2011,0.0
start_date_03_2012,0.0
agency_final_NIT_Mizoram,0.0
start_date_03_2014,0.0
start_date_03_2015,0.0
agency_final_NIT_Nagaland,0.0
agency_final_NIT_Patna,0.0
agency_final_NIT_Rourkela,0.0
agency_final_NIT_Sikkim,0.0
agency_final_NMDC,0.0
agency_final_NR,0.0
agency_final_NTPC,0.0
agency_final_NWR,0.0
agency_final_National_Buildings_Construction_Corporation__NBCC_,0.0
agency_final_National_Capital_Region_Transport_Corporation__NCRTC_,0.0
start_date_04_1996,0.0
start_date_04_1997,0.0
start_date_04_2003,0.0
agency_final_National_Communication_Academy___Finance__Erstwhile_NICF_,0.0
start_date_04_2006,0.0
start_date_04_2007,0.0
agency_final_National_Institute_of_Technology_Delhi,0.0
start_date_04_2009,0.0
start_date_04_2011,0.0
start_date_04_2012,0.0
start_date_04_2013,0.0
start_date_04_2014,0.0
start_date_04_2016,0.0
agency_final_National_Institute_of_Technology__Arunachal_Pradesh,0.0
start_date_04_2018,0.0
agency_final_National_Institute_of_Technology__Puducherry,0.0
agency_final_New_Mangalore_Port_Authority,0.0
start_date_04_2021,0.0
agency_final_North_Central_Railway__NCR____II,0.0
agency_final_North_Eastern_Railway__NER____II,0.0
start_date_04_2024,0.0
agency_final_Northeast_Frontier_Railway__NFR____II,0.0
start_date_05_2002,0.0
start_date_05_2008,0.0
start_date_05_2014,0.0
start_date_05_2016,0.0
start_date_05_2017,0.0
start_date_05_2018,0.0
start_date_05_2019,0.0
agency_final_OIL,0.0
start_date_05_2021,0.0
agency_final_ONGC,0.0
agency_final_Paradip_Port_Trust__PPT_,0.0
start_date_05_2024,0.0
start_date_05_2025,0.0
start_date_06_2009,0.0
start_date_06_2010,0.0
start_date_06_2012,0.0
start_date_06_2016,0.0
start_date_06_2017,0.0
start_date_06_2018,0.0
start_date_06_2019,0.0
agency_final_RCIL,0.0
start_date_06_2021,0.0
agency_final_RITES_OF_HIGHER,0.0
start_date_06_2023,0.0
start_date_06_2024,0.0
start_date_06_2025,0.0
start_date_07_2006,0.0
start_date_07_2008,0.0
start_date_07_2009,0.0
start_date_07_2011,0.0
start_date_07_2013,0.0
start_date_07_2015,0.0
start_date_07_2016,0.0
start_date_07_2017,0.0
start_date_07_2018,0.0
start_date_07_2019,0.0
agency_final_RVNL___I,0.0
agency_final_Rail_Vikas_Nigam_Limited,0.0
start_date_07_2022,0.0
start_date_07_2023,0.0
start_date_07_2024,0.0
start_date_07_2025,0.0
start_date_08_2002,0.0
start_date_08_2008,0.0
start_date_08_2009,0.0
start_date_08_2010,0.0
start_date_08_2011,0.0
start_date_08_2015,0.0
start_date_08_2016,0.0
start_date_08_2017,0.0
start_date_08_2018,0.0
start_date_08_2019,0.0
agency_final_Reliance_Industries_Ltd,0.0
agency_final_SECL___CIL,0.0
agency_final_SJVN,0.0
agency_final_SR,0.0
agency_final_SR_ERS,0.0
start_date_08_2025,0.0
start_date_09_2003,0.0
start_date_09_2009,0.0
start_date_09_2011,0.0
start_date_09_2012,0.0
start_date_09_2014,0.0
start_date_09_2015,0.0
agency_final_Smart_City_Mission,0.0
start_date_09_2017,0.0
start_date_09_2018,0.0
agency_final_South_Central_Railway__SCR____I,0.0
agency_final_South_East_Central_Railway,0.0
agency_final_South_Eastern_Central_Railway,0.0
agency_final_South_Eastern_Railway___JH,0.0
start_date_09_2023,0.0
agency_final_South_Eastern_Railway__SER____I,0.0
start_date_09_2025,0.0
start_date_10_2007,0.0
start_date_10_2009,0.0
start_date_10_2013,0.0
agency_final_Southern_Railway__SR____I,0.0
start_date_10_2015,0.0
start_date_10_2016,0.0
start_date_10_2017,0.0
start_date_10_2018,0.0
start_date_10_2019,0.0
start_date_10_2020,0.0
agency_final_Southern_Railway__SR____II,0.0
agency_final_Southern_Railways__SR____construction,0.0
agency_final_Sterlite_Power,0.0
agency_final_Tezpur_University,0.0
start_date_10_2025,0.0
start_date_11_2004,0.0
agency_final_UPJalNigam,0.0
agency_final_WCL,0.0
agency_final_WCL___CIL,0.0
has_expenditure,0.0
has_original_cost,0.0
state_ANDAMAN_AND_NICOBAR_ISLANDS,0.0
agency_final_WCR,0.0
agency_final_Water_Resources_BR,0.0
agency_final_Water_resource_mp,0.0
agency_final_West_Central_Railway_WCR_I,0.0
agency_final_Western_Railway__WR____II,0.0
approval_date_01_1998,0.0
state_Dadra___Nagar_Haveli_and_Daman___Diu,0.0
approval_date_01_1999,0.0
state_GOA,0.0
state_Goa,0.0
start_date_11_2006,0.0
start_date_11_2007,0.0
start_date_11_2008,0.0
start_date_11_2010,0.0
start_date_11_2012,0.0
start_date_11_2014,0.0
start_date_11_2015,0.0
approval_date_01_1999__10_2002_,0.0
start_date_11_2017,0.0
approval_date_01_2004,0.0
approval_date_01_2006,0.0
start_date_11_2020,0.0
approval_date_01_2006__01_2006_,0.0
approval_date_01_2007,0.0
approval_date_01_2007__03_1998_,0.0
approval_date_8_2017,0.0
